[21Feb2026 16:06:49.248] [main/INFO] [cpw.mods.modlauncher.Launcher/MODLAUNCHER]: ModLauncher running: args [--launchTarget, forgeserver, --fml.neoForgeVersion, 21.1.219, --fml.fmlVersion, 4.0.42, --fml.mcVersion, 1.21.1, --fml.neoFormVersion, 20240808.144430, nogui]
[21Feb2026 16:06:49.252] [main/INFO] [cpw.mods.modlauncher.Launcher/MODLAUNCHER]: JVM identified as Ubuntu OpenJDK 64-Bit Server VM 21.0.10+7-Ubuntu-124.04
[21Feb2026 16:06:49.254] [main/INFO] [cpw.mods.modlauncher.Launcher/MODLAUNCHER]: ModLauncher 11.0.5+main.901c6ea8 starting: java version 21.0.10 by Ubuntu; OS Linux arch amd64 version 6.8.0-1030-azure
[21Feb2026 16:06:49.794] [main/INFO] [net.neoforged.fml.loading.ImmediateWindowHandler/]: ImmediateWindowProvider not loading because launch target is forgeserver
[21Feb2026 16:06:49.897] [main/INFO] [mixin/]: SpongePowered MIXIN Subsystem Version=0.8.7 Source=union:/workspaces/tudo-sobre-create/servidor_minecraft/libraries/net/fabricmc/sponge-mixin/0.15.2+mixin.0.8.7/sponge-mixin-0.15.2+mixin.0.8.7.jar%2373!/ Service=ModLauncher Env=SERVER
[21Feb2026 16:06:50.166] [main/INFO] [net.neoforged.fml.loading.moddiscovery.ModDiscoverer/SCAN]: Found mod file "server-1.21.1-20240808.144430-srg.jar" [locator: production server provider +net.neoforged:neoforge:21.1.219:server]
[21Feb2026 16:06:50.191] [main/INFO] [net.neoforged.fml.loading.moddiscovery.ModDiscoverer/SCAN]: Found mod file "neoforge-21.1.219-universal.jar" [locator: PathBasedLocator[name=neoforge, paths=[libraries/net/neoforged/neoforge/21.1.219/neoforge-21.1.219-universal.jar]], reader: mod manifest]
[21Feb2026 16:06:50.194] [main/INFO] [net.neoforged.fml.loading.moddiscovery.ModDiscoverer/SCAN]: Found library file "~nonexistent" [locator: org.sinytra.connector.locator.ConnectorEarlyLocatorBootstrap@132ddbab]
[21Feb2026 16:06:50.207] [main/INFO] [net.neoforged.fml.loading.moddiscovery.ModDiscoverer/SCAN]: Found mod file "AdditionalStructures-1.21-(v.6.3.2-NEO).jar" [locator: {mods folder locator at /workspaces/tudo-sobre-create/servidor_minecraft/mods}, reader: mod manifest]
[21Feb2026 16:06:50.215] [main/INFO] [net.neoforged.fml.loading.moddiscovery.ModDiscoverer/SCAN]: Found mod file "Adorn-6.1.2+1.21.1-neoforge.jar" [locator: {mods folder locator at /workspaces/tudo-sobre-create/servidor_minecraft/mods}, reader: mod manifest]
[21Feb2026 16:06:50.218] [main/INFO] [net.neoforged.fml.loading.moddiscovery.ModDiscoverer/SCAN]: Found mod file "amendments-1.21-2.0.15-neoforge.jar" [locator: {mods folder locator at /workspaces/tudo-sobre-create/servidor_minecraft/mods}, reader: mod manifest]
[21Feb2026 16:06:50.224] [main/INFO] [net.neoforged.fml.loading.moddiscovery.ModDiscoverer/SCAN]: Found mod file "another_furniture-neoforge-4.0.2.jar" [locator: {mods folder locator at /workspaces/tudo-sobre-create/servidor_minecraft/mods}, reader: mod manifest]
[21Feb2026 16:06:50.228] [main/INFO] [net.neoforged.fml.loading.moddiscovery.ModDiscoverer/SCAN]: Found mod file "appleskin-neoforge-mc1.21-3.0.8.jar" [locator: {mods folder locator at /workspaces/tudo-sobre-create/servidor_minecraft/mods}, reader: mod manifest]
[21Feb2026 16:06:50.234] [main/INFO] [net.neoforged.fml.loading.moddiscovery.ModDiscoverer/SCAN]: Found mod file "appliedenergistics2-19.2.17.jar" [locator: {mods folder locator at /workspaces/tudo-sobre-create/servidor_minecraft/mods}, reader: mod manifest]
[21Feb2026 16:06:50.237] [main/INFO] [net.neoforged.fml.loading.moddiscovery.ModDiscoverer/SCAN]: Found mod file "architectury-13.0.8-neoforge.jar" [locator: {mods folder locator at /workspaces/tudo-sobre-create/servidor_minecraft/mods}, reader: mod manifest]
[21Feb2026 16:06:50.242] [main/INFO] [net.neoforged.fml.loading.moddiscovery.ModDiscoverer/SCAN]: Found mod file "ars_elemental-1.21.1-0.7.6.13.jar" [locator: {mods folder locator at /workspaces/tudo-sobre-create/servidor_minecraft/mods}, reader: mod manifest]
[21Feb2026 16:06:50.250] [main/INFO] [net.neoforged.fml.loading.moddiscovery.ModDiscoverer/SCAN]: Found mod file "ars_nouveau-1.21.1-5.11.1.jar" [locator: {mods folder locator at /workspaces/tudo-sobre-create/servidor_minecraft/mods}, reader: mod manifest]
[21Feb2026 16:06:50.253] [main/INFO] [net.neoforged.fml.loading.moddiscovery.ModDiscoverer/SCAN]: Found mod file "artifacts-neoforge-13.2.0.jar" [locator: {mods folder locator at /workspaces/tudo-sobre-create/servidor_minecraft/mods}, reader: mod manifest]
[21Feb2026 16:06:50.257] [main/INFO] [net.neoforged.fml.loading.moddiscovery.ModDiscoverer/SCAN]: Found mod file "baguettelib-1.21.1-NeoForge-1.1.5.jar" [locator: {mods folder locator at /workspaces/tudo-sobre-create/servidor_minecraft/mods}, reader: mod manifest]
[21Feb2026 16:06:50.260] [main/INFO] [net.neoforged.fml.loading.moddiscovery.ModDiscoverer/SCAN]: Found mod file "balm-neoforge-1.21.1-21.0.56.jar" [locator: {mods folder locator at /workspaces/tudo-sobre-create/servidor_minecraft/mods}, reader: mod manifest]
[21Feb2026 16:06:50.265] [main/INFO] [net.neoforged.fml.loading.moddiscovery.ModDiscoverer/SCAN]: Found mod file "bellsandwhistles-0.4.7-1.21.1.jar" [locator: {mods folder locator at /workspaces/tudo-sobre-create/servidor_minecraft/mods}, reader: mod manifest]
[21Feb2026 16:06:50.269] [main/INFO] [net.neoforged.fml.loading.moddiscovery.ModDiscoverer/SCAN]: Found mod file "buildinggadgets2-1.3.9.jar" [locator: {mods folder locator at /workspaces/tudo-sobre-create/servidor_minecraft/mods}, reader: mod manifest]
[21Feb2026 16:06:50.272] [main/INFO] [net.neoforged.fml.loading.moddiscovery.ModDiscoverer/SCAN]: Found mod file "camera-neoforge-1.21.1-1.0.21.jar" [locator: {mods folder locator at /workspaces/tudo-sobre-create/servidor_minecraft/mods}, reader: mod manifest]
[21Feb2026 16:06:50.278] [main/INFO] [net.neoforged.fml.loading.moddiscovery.ModDiscoverer/SCAN]: Found mod file "cc-tweaked-1.21.1-forge-1.117.0.jar" [locator: {mods folder locator at /workspaces/tudo-sobre-create/servidor_minecraft/mods}, reader: mod manifest]
[21Feb2026 16:06:50.283] [main/INFO] [net.neoforged.fml.loading.moddiscovery.ModDiscoverer/SCAN]: Found mod file "cccbridge-mc1.21.1-v1.7.2-neoforge.jar" [locator: {mods folder locator at /workspaces/tudo-sobre-create/servidor_minecraft/mods}, reader: mod manifest]
[21Feb2026 16:06:50.286] [main/INFO] [net.neoforged.fml.loading.moddiscovery.ModDiscoverer/SCAN]: Found mod file "chat_heads-0.15.0-neoforge-1.21.jar" [locator: {mods folder locator at /workspaces/tudo-sobre-create/servidor_minecraft/mods}, reader: mod manifest]
[21Feb2026 16:06:50.289] [main/INFO] [net.neoforged.fml.loading.moddiscovery.ModDiscoverer/SCAN]: Found mod file "Chunky-NeoForge-1.4.23.jar" [locator: {mods folder locator at /workspaces/tudo-sobre-create/servidor_minecraft/mods}, reader: mod manifest]
[21Feb2026 16:06:50.292] [main/INFO] [net.neoforged.fml.loading.moddiscovery.ModDiscoverer/SCAN]: Found mod file "clientsort-neoforge-2.2.0-beta.1+1.21.1.jar" [locator: {mods folder locator at /workspaces/tudo-sobre-create/servidor_minecraft/mods}, reader: mod manifest]
[21Feb2026 16:06:50.294] [main/INFO] [net.neoforged.fml.loading.moddiscovery.ModDiscoverer/SCAN]: Found mod file "cloth-config-15.0.140-neoforge.jar" [locator: {mods folder locator at /workspaces/tudo-sobre-create/servidor_minecraft/mods}, reader: mod manifest]
[21Feb2026 16:06:50.297] [main/INFO] [net.neoforged.fml.loading.moddiscovery.ModDiscoverer/SCAN]: Found mod file "comforts-neoforge-9.0.5+1.21.1.jar" [locator: {mods folder locator at /workspaces/tudo-sobre-create/servidor_minecraft/mods}, reader: mod manifest]
[21Feb2026 16:06:50.299] [main/INFO] [net.neoforged.fml.loading.moddiscovery.ModDiscoverer/SCAN]: Found mod file "componentviewer-neoforge-1.3.3+1.21.1.jar" [locator: {mods folder locator at /workspaces/tudo-sobre-create/servidor_minecraft/mods}, reader: mod manifest]
[21Feb2026 16:06:50.302] [main/INFO] [net.neoforged.fml.loading.moddiscovery.ModDiscoverer/SCAN]: Found mod file "continuity-3.0.0+1.21.neoforge.jar" [locator: {mods folder locator at /workspaces/tudo-sobre-create/servidor_minecraft/mods}, reader: mod manifest]
[21Feb2026 16:06:50.304] [main/INFO] [net.neoforged.fml.loading.moddiscovery.ModDiscoverer/SCAN]: Found mod file "Controlling-neoforge-1.21.1-19.0.5.jar" [locator: {mods folder locator at /workspaces/tudo-sobre-create/servidor_minecraft/mods}, reader: mod manifest]
[21Feb2026 16:06:50.306] [main/INFO] [net.neoforged.fml.loading.moddiscovery.ModDiscoverer/SCAN]: Found mod file "copycats-3.0.4+mc.1.21.1-neoforge.jar" [locator: {mods folder locator at /workspaces/tudo-sobre-create/servidor_minecraft/mods}, reader: mod manifest]
[21Feb2026 16:06:50.308] [main/INFO] [net.neoforged.fml.loading.moddiscovery.ModDiscoverer/SCAN]: Found mod file "corpse-neoforge-1.21.1-1.1.13.jar" [locator: {mods folder locator at /workspaces/tudo-sobre-create/servidor_minecraft/mods}, reader: mod manifest]
[21Feb2026 16:06:50.311] [main/INFO] [net.neoforged.fml.loading.moddiscovery.ModDiscoverer/SCAN]: Found mod file "corpsecurioscompat-1.21.1-NeoForge-3.1.3.jar" [locator: {mods folder locator at /workspaces/tudo-sobre-create/servidor_minecraft/mods}, reader: mod manifest]
[21Feb2026 16:06:50.319] [main/INFO] [net.neoforged.fml.loading.moddiscovery.ModDiscoverer/SCAN]: Found mod file "create-1.21.1-6.0.9.jar" [locator: {mods folder locator at /workspaces/tudo-sobre-create/servidor_minecraft/mods}, reader: mod manifest]
[21Feb2026 16:06:50.321] [main/INFO] [net.neoforged.fml.loading.moddiscovery.ModDiscoverer/SCAN]: Found mod file "create-confectionery1.21.1_v1.1.2.jar" [locator: {mods folder locator at /workspaces/tudo-sobre-create/servidor_minecraft/mods}, reader: mod manifest]
[21Feb2026 16:06:50.324] [main/INFO] [net.neoforged.fml.loading.moddiscovery.ModDiscoverer/SCAN]: Found mod file "create_connected-1.1.13-mc1.21.1.jar" [locator: {mods folder locator at /workspaces/tudo-sobre-create/servidor_minecraft/mods}, reader: mod manifest]
[21Feb2026 16:06:50.328] [main/INFO] [net.neoforged.fml.loading.moddiscovery.ModDiscoverer/SCAN]: Found mod file "create_power_loader-2.0.3-mc1.21.1.jar" [locator: {mods folder locator at /workspaces/tudo-sobre-create/servidor_minecraft/mods}, reader: mod manifest]
[21Feb2026 16:06:50.330] [main/INFO] [net.neoforged.fml.loading.moddiscovery.ModDiscoverer/SCAN]: Found mod file "create_structures_arise-171.44.43 Release-neoforge-1.21.1.jar" [locator: {mods folder locator at /workspaces/tudo-sobre-create/servidor_minecraft/mods}, reader: mod manifest]
[21Feb2026 16:06:50.334] [main/INFO] [net.neoforged.fml.loading.moddiscovery.ModDiscoverer/SCAN]: Found mod file "createaddition-1.5.10.jar" [locator: {mods folder locator at /workspaces/tudo-sobre-create/servidor_minecraft/mods}, reader: mod manifest]
[21Feb2026 16:06:50.337] [main/INFO] [net.neoforged.fml.loading.moddiscovery.ModDiscoverer/SCAN]: Found mod file "createcontraptionterminals-1.21-1.2.0.jar" [locator: {mods folder locator at /workspaces/tudo-sobre-create/servidor_minecraft/mods}, reader: mod manifest]
[21Feb2026 16:06:50.360] [main/INFO] [net.neoforged.fml.loading.moddiscovery.ModDiscoverer/SCAN]: Found mod file "createfood-neoforge-1.21.1-2.1.0.jar" [locator: {mods folder locator at /workspaces/tudo-sobre-create/servidor_minecraft/mods}, reader: mod manifest]
[21Feb2026 16:06:50.363] [main/INFO] [net.neoforged.fml.loading.moddiscovery.ModDiscoverer/SCAN]: Found mod file "createnuclear-1.3.2-beta.3-neoforge.jar" [locator: {mods folder locator at /workspaces/tudo-sobre-create/servidor_minecraft/mods}, reader: mod manifest]
[21Feb2026 16:06:50.366] [main/INFO] [net.neoforged.fml.loading.moddiscovery.ModDiscoverer/SCAN]: Found mod file "CreativeCore_NEOFORGE_v2.13.28_mc1.21.1.jar" [locator: {mods folder locator at /workspaces/tudo-sobre-create/servidor_minecraft/mods}, reader: mod manifest]
[21Feb2026 16:06:50.368] [main/INFO] [net.neoforged.fml.loading.moddiscovery.ModDiscoverer/SCAN]: Found mod file "crittersandcompanions-neoforge-1.21.1-2.3.4.jar" [locator: {mods folder locator at /workspaces/tudo-sobre-create/servidor_minecraft/mods}, reader: mod manifest]
[21Feb2026 16:06:50.370] [main/INFO] [net.neoforged.fml.loading.moddiscovery.ModDiscoverer/SCAN]: Found mod file "curios-neoforge-9.5.1+1.21.1.jar" [locator: {mods folder locator at /workspaces/tudo-sobre-create/servidor_minecraft/mods}, reader: mod manifest]
[21Feb2026 16:06:50.373] [main/INFO] [net.neoforged.fml.loading.moddiscovery.ModDiscoverer/SCAN]: Found mod file "deeperdarker-neoforge-1.21-1.3.4.jar" [locator: {mods folder locator at /workspaces/tudo-sobre-create/servidor_minecraft/mods}, reader: mod manifest]
[21Feb2026 16:06:50.375] [main/INFO] [net.neoforged.fml.loading.moddiscovery.ModDiscoverer/SCAN]: Found mod file "dummmmmmy-1.21-2.0.11-neoforge.jar" [locator: {mods folder locator at /workspaces/tudo-sobre-create/servidor_minecraft/mods}, reader: mod manifest]
[21Feb2026 16:06:50.379] [main/INFO] [net.neoforged.fml.loading.moddiscovery.ModDiscoverer/SCAN]: Found mod file "DungeonsArise-1.21.1-2.1.68-release.jar" [locator: {mods folder locator at /workspaces/tudo-sobre-create/servidor_minecraft/mods}, reader: mod manifest]
[21Feb2026 16:06:50.381] [main/INFO] [net.neoforged.fml.loading.moddiscovery.ModDiscoverer/SCAN]: Found mod file "durabilitytooltip-1.1.6-neoforge-mc1.21.jar" [locator: {mods folder locator at /workspaces/tudo-sobre-create/servidor_minecraft/mods}, reader: mod manifest]
[21Feb2026 16:06:50.383] [main/INFO] [net.neoforged.fml.loading.moddiscovery.ModDiscoverer/SCAN]: Found mod file "dynamic-fps-3.11.4+minecraft-1.21.0-neoforge.jar" [locator: {mods folder locator at /workspaces/tudo-sobre-create/servidor_minecraft/mods}, reader: mod manifest]
[21Feb2026 16:06:50.385] [main/INFO] [net.neoforged.fml.loading.moddiscovery.ModDiscoverer/SCAN]: Found mod file "EasyAnvils-v21.1.0-1.21.1-NeoForge.jar" [locator: {mods folder locator at /workspaces/tudo-sobre-create/servidor_minecraft/mods}, reader: mod manifest]
[21Feb2026 16:06:50.395] [main/INFO] [net.neoforged.fml.loading.moddiscovery.ModDiscoverer/SCAN]: Found mod file "emi-1.1.22+1.21.1+neoforge.jar" [locator: {mods folder locator at /workspaces/tudo-sobre-create/servidor_minecraft/mods}, reader: mod manifest]
[21Feb2026 16:06:50.397] [main/INFO] [net.neoforged.fml.loading.moddiscovery.ModDiscoverer/SCAN]: Found mod file "emi_loot-0.7.9+1.21+neoforge.jar" [locator: {mods folder locator at /workspaces/tudo-sobre-create/servidor_minecraft/mods}, reader: mod manifest]
[21Feb2026 16:06:50.399] [main/INFO] [net.neoforged.fml.loading.moddiscovery.ModDiscoverer/SCAN]: Found mod file "emiffect-neoforge-2.1.6+mc1.21.1.jar" [locator: {mods folder locator at /workspaces/tudo-sobre-create/servidor_minecraft/mods}, reader: mod manifest]
[21Feb2026 16:06:50.401] [main/INFO] [net.neoforged.fml.loading.moddiscovery.ModDiscoverer/SCAN]: Found mod file "emotecraft-for-MC1.21.1-2.4.12-neoforge.jar" [locator: {mods folder locator at /workspaces/tudo-sobre-create/servidor_minecraft/mods}, reader: mod manifest]
[21Feb2026 16:06:50.403] [main/INFO] [net.neoforged.fml.loading.moddiscovery.ModDiscoverer/SCAN]: Found mod file "entity_model_features_1.21-neoforge-3.0.11.jar" [locator: {mods folder locator at /workspaces/tudo-sobre-create/servidor_minecraft/mods}, reader: mod manifest]
[21Feb2026 16:06:50.405] [main/INFO] [net.neoforged.fml.loading.moddiscovery.ModDiscoverer/SCAN]: Found mod file "Explorify v1.6.4 f15-88.mod.jar" [locator: {mods folder locator at /workspaces/tudo-sobre-create/servidor_minecraft/mods}, reader: mod manifest]
[21Feb2026 16:06:50.408] [main/INFO] [net.neoforged.fml.loading.moddiscovery.ModDiscoverer/SCAN]: Found mod file "FarmersDelight-1.21.1-1.2.9.jar" [locator: {mods folder locator at /workspaces/tudo-sobre-create/servidor_minecraft/mods}, reader: mod manifest]
[21Feb2026 16:06:50.409] [main/INFO] [net.neoforged.fml.loading.moddiscovery.ModDiscoverer/SCAN]: Found mod file "fast-ip-ping-v1.0.8-mc1.21.1-neoforge.jar" [locator: {mods folder locator at /workspaces/tudo-sobre-create/servidor_minecraft/mods}, reader: mod manifest]
[21Feb2026 16:06:50.417] [main/INFO] [net.neoforged.fml.loading.moddiscovery.ModDiscoverer/SCAN]: Found mod file "ferritecore-7.0.3-neoforge.jar" [locator: {mods folder locator at /workspaces/tudo-sobre-create/servidor_minecraft/mods}, reader: mod manifest]
[21Feb2026 16:06:50.420] [main/INFO] [net.neoforged.fml.loading.moddiscovery.ModDiscoverer/SCAN]: Found mod file "forgified-fabric-api-0.116.7+2.2.1+1.21.1.jar" [locator: {mods folder locator at /workspaces/tudo-sobre-create/servidor_minecraft/mods}, reader: mod manifest]
[21Feb2026 16:06:50.422] [main/INFO] [net.neoforged.fml.loading.moddiscovery.ModDiscoverer/SCAN]: Found mod file "functionalstorage-1.21.1-1.5.5.jar" [locator: {mods folder locator at /workspaces/tudo-sobre-create/servidor_minecraft/mods}, reader: mod manifest]
[21Feb2026 16:06:50.426] [main/INFO] [net.neoforged.fml.loading.moddiscovery.ModDiscoverer/SCAN]: Found mod file "fzzy_config-0.7.6+1.21+neoforge.jar" [locator: {mods folder locator at /workspaces/tudo-sobre-create/servidor_minecraft/mods}, reader: mod manifest]
[21Feb2026 16:06:50.428] [main/INFO] [net.neoforged.fml.loading.moddiscovery.ModDiscoverer/SCAN]: Found mod file "geckolib-neoforge-1.21.1-4.8.3.jar" [locator: {mods folder locator at /workspaces/tudo-sobre-create/servidor_minecraft/mods}, reader: mod manifest]
[21Feb2026 16:06:50.431] [main/INFO] [net.neoforged.fml.loading.moddiscovery.ModDiscoverer/SCAN]: Found mod file "Geophilic v3.4.6.mod.jar" [locator: {mods folder locator at /workspaces/tudo-sobre-create/servidor_minecraft/mods}, reader: mod manifest]
[21Feb2026 16:06:50.436] [main/INFO] [net.neoforged.fml.loading.moddiscovery.ModDiscoverer/SCAN]: Found mod file "guideme-21.1.15.jar" [locator: {mods folder locator at /workspaces/tudo-sobre-create/servidor_minecraft/mods}, reader: mod manifest]
[21Feb2026 16:06:50.438] [main/INFO] [net.neoforged.fml.loading.moddiscovery.ModDiscoverer/SCAN]: Found mod file "Highlighter-1.21-neoforge-1.1.11.jar" [locator: {mods folder locator at /workspaces/tudo-sobre-create/servidor_minecraft/mods}, reader: mod manifest]
[21Feb2026 16:06:50.439] [main/INFO] [net.neoforged.fml.loading.moddiscovery.ModDiscoverer/SCAN]: Found mod file "Iceberg-1.21.1-neoforge-1.3.2.jar" [locator: {mods folder locator at /workspaces/tudo-sobre-create/servidor_minecraft/mods}, reader: mod manifest]
[21Feb2026 16:06:50.442] [main/INFO] [net.neoforged.fml.loading.moddiscovery.ModDiscoverer/SCAN]: Found mod file "ImmediatelyFast-NeoForge-1.6.10+1.21.1.jar" [locator: {mods folder locator at /workspaces/tudo-sobre-create/servidor_minecraft/mods}, reader: mod manifest]
[21Feb2026 16:06:50.443] [main/INFO] [net.neoforged.fml.loading.moddiscovery.ModDiscoverer/SCAN]: Found mod file "immersive_aircraft-1.4.2+1.21.1-neoforge.jar" [locator: {mods folder locator at /workspaces/tudo-sobre-create/servidor_minecraft/mods}, reader: mod manifest]
[21Feb2026 16:06:50.445] [main/INFO] [net.neoforged.fml.loading.moddiscovery.ModDiscoverer/SCAN]: Found mod file "immersive_armors-1.7.5+1.21.1-neoforge.jar" [locator: {mods folder locator at /workspaces/tudo-sobre-create/servidor_minecraft/mods}, reader: mod manifest]
[21Feb2026 16:06:50.447] [main/INFO] [net.neoforged.fml.loading.moddiscovery.ModDiscoverer/SCAN]: Found mod file "iris-neoforge-1.8.12+mc1.21.1.jar" [locator: {mods folder locator at /workspaces/tudo-sobre-create/servidor_minecraft/mods}, reader: mod manifest]
[21Feb2026 16:06:50.449] [main/INFO] [net.neoforged.fml.loading.moddiscovery.ModDiscoverer/SCAN]: Found mod file "Jade-1.21.1-NeoForge-15.10.4.jar" [locator: {mods folder locator at /workspaces/tudo-sobre-create/servidor_minecraft/mods}, reader: mod manifest]
[21Feb2026 16:06:50.451] [main/INFO] [net.neoforged.fml.loading.moddiscovery.ModDiscoverer/SCAN]: Found mod file "Jade-1.21.1-NeoForge-15.10.5.jar" [locator: {mods folder locator at /workspaces/tudo-sobre-create/servidor_minecraft/mods}, reader: mod manifest]
[21Feb2026 16:06:50.453] [main/INFO] [net.neoforged.fml.loading.moddiscovery.ModDiscoverer/SCAN]: Found mod file "jei-1.21.1-neoforge-19.27.0.340.jar" [locator: {mods folder locator at /workspaces/tudo-sobre-create/servidor_minecraft/mods}, reader: mod manifest]
[21Feb2026 16:06:50.454] [main/INFO] [net.neoforged.fml.loading.moddiscovery.ModDiscoverer/SCAN]: Found library file "kotlinforforge-5.10.0-all.jar" [locator: {mods folder locator at /workspaces/tudo-sobre-create/servidor_minecraft/mods}, reader: mod manifest]
[21Feb2026 16:06:50.454] [main/INFO] [net.neoforged.fml.loading.moddiscovery.ModDiscoverer/SCAN]: Found library file "kotlinforforge-5.11.0-all.jar" [locator: {mods folder locator at /workspaces/tudo-sobre-create/servidor_minecraft/mods}, reader: mod manifest]
[21Feb2026 16:06:50.457] [main/INFO] [net.neoforged.fml.loading.moddiscovery.ModDiscoverer/SCAN]: Found mod file "kubejs-neoforge-2101.7.2-build.348.jar" [locator: {mods folder locator at /workspaces/tudo-sobre-create/servidor_minecraft/mods}, reader: mod manifest]
[21Feb2026 16:06:50.462] [main/INFO] [net.neoforged.fml.loading.moddiscovery.ModDiscoverer/SCAN]: Found mod file "L_Ender's Cataclysm 1.21.1-3.23.jar" [locator: {mods folder locator at /workspaces/tudo-sobre-create/servidor_minecraft/mods}, reader: mod manifest]
[21Feb2026 16:06:50.464] [main/INFO] [net.neoforged.fml.loading.moddiscovery.ModDiscoverer/SCAN]: Found mod file "lambdynamiclights-4.8.7+1.21.1.jar" [locator: {mods folder locator at /workspaces/tudo-sobre-create/servidor_minecraft/mods}, reader: mod manifest]
[21Feb2026 16:06:50.466] [main/INFO] [net.neoforged.fml.loading.moddiscovery.ModDiscoverer/SCAN]: Found mod file "LeavesBeGone-v21.1.0-1.21.1-NeoForge.jar" [locator: {mods folder locator at /workspaces/tudo-sobre-create/servidor_minecraft/mods}, reader: mod manifest]
[21Feb2026 16:06:50.468] [main/INFO] [net.neoforged.fml.loading.moddiscovery.ModDiscoverer/SCAN]: Found mod file "letsdo-vinery-neoforge-1.5.3.jar" [locator: {mods folder locator at /workspaces/tudo-sobre-create/servidor_minecraft/mods}, reader: mod manifest]
[21Feb2026 16:06:50.469] [main/INFO] [net.neoforged.fml.loading.moddiscovery.ModDiscoverer/SCAN]: Found mod file "lionfishapi-2.6.jar" [locator: {mods folder locator at /workspaces/tudo-sobre-create/servidor_minecraft/mods}, reader: mod manifest]
[21Feb2026 16:06:50.471] [main/INFO] [net.neoforged.fml.loading.moddiscovery.ModDiscoverer/SCAN]: Found mod file "lithium-neoforge-0.15.2+mc1.21.1.jar" [locator: {mods folder locator at /workspaces/tudo-sobre-create/servidor_minecraft/mods}, reader: mod manifest]
[21Feb2026 16:06:50.472] [main/INFO] [net.neoforged.fml.loading.moddiscovery.ModDiscoverer/SCAN]: Found mod file "lithostitched-1.5.7-neoforge-1.21.1.jar" [locator: {mods folder locator at /workspaces/tudo-sobre-create/servidor_minecraft/mods}, reader: mod manifest]
[21Feb2026 16:06:50.474] [main/INFO] [net.neoforged.fml.loading.moddiscovery.ModDiscoverer/SCAN]: Found mod file "lootr-neoforge-1.21.1-1.11.36.111.jar" [locator: {mods folder locator at /workspaces/tudo-sobre-create/servidor_minecraft/mods}, reader: mod manifest]
[21Feb2026 16:06:50.476] [main/INFO] [net.neoforged.fml.loading.moddiscovery.ModDiscoverer/SCAN]: Found mod file "lootr-neoforge-1.21.1-1.11.36.114.jar" [locator: {mods folder locator at /workspaces/tudo-sobre-create/servidor_minecraft/mods}, reader: mod manifest]
[21Feb2026 16:06:50.478] [main/INFO] [net.neoforged.fml.loading.moddiscovery.ModDiscoverer/SCAN]: Found mod file "midnightlib-neoforge-1.9.2+1.21.1.jar" [locator: {mods folder locator at /workspaces/tudo-sobre-create/servidor_minecraft/mods}, reader: mod manifest]
[21Feb2026 16:06:50.481] [main/INFO] [net.neoforged.fml.loading.moddiscovery.ModDiscoverer/SCAN]: Found mod file "modernfix-neoforge-5.26.1+mc1.21.1.jar" [locator: {mods folder locator at /workspaces/tudo-sobre-create/servidor_minecraft/mods}, reader: mod manifest]
[21Feb2026 16:06:50.484] [main/INFO] [net.neoforged.fml.loading.moddiscovery.ModDiscoverer/SCAN]: Found mod file "molten_vents-1.21.1-2.1.1.jar" [locator: {mods folder locator at /workspaces/tudo-sobre-create/servidor_minecraft/mods}, reader: mod manifest]
[21Feb2026 16:06:50.486] [main/INFO] [net.neoforged.fml.loading.moddiscovery.ModDiscoverer/SCAN]: Found mod file "moonlight-1.21-2.29.11-neoforge.jar" [locator: {mods folder locator at /workspaces/tudo-sobre-create/servidor_minecraft/mods}, reader: mod manifest]
[21Feb2026 16:06:50.488] [main/INFO] [net.neoforged.fml.loading.moddiscovery.ModDiscoverer/SCAN]: Found mod file "moonlight-1.21-2.29.16-neoforge.jar" [locator: {mods folder locator at /workspaces/tudo-sobre-create/servidor_minecraft/mods}, reader: mod manifest]
[21Feb2026 16:06:50.492] [main/INFO] [net.neoforged.fml.loading.moddiscovery.ModDiscoverer/SCAN]: Found mod file "moreculling-neoforge-1.21.1-1.0.6.jar" [locator: {mods folder locator at /workspaces/tudo-sobre-create/servidor_minecraft/mods}, reader: mod manifest]
[21Feb2026 16:06:50.493] [main/INFO] [net.neoforged.fml.loading.moddiscovery.ModDiscoverer/SCAN]: Found mod file "MouseTweaks-neoforge-mc1.21-2.26.1.jar" [locator: {mods folder locator at /workspaces/tudo-sobre-create/servidor_minecraft/mods}, reader: mod manifest]
[21Feb2026 16:06:50.496] [main/INFO] [net.neoforged.fml.loading.moddiscovery.ModDiscoverer/SCAN]: Found mod file "mowziesmobs-1.21.1-1.7.5.jar" [locator: {mods folder locator at /workspaces/tudo-sobre-create/servidor_minecraft/mods}, reader: mod manifest]
[21Feb2026 16:06:50.498] [main/INFO] [net.neoforged.fml.loading.moddiscovery.ModDiscoverer/SCAN]: Found mod file "NaturesCompass-1.21.1-3.0.3-neoforge.jar" [locator: {mods folder locator at /workspaces/tudo-sobre-create/servidor_minecraft/mods}, reader: mod manifest]
[21Feb2026 16:06:50.501] [main/INFO] [net.neoforged.fml.loading.moddiscovery.ModDiscoverer/SCAN]: Found mod file "nayutilities-1.0.jar" [locator: {mods folder locator at /workspaces/tudo-sobre-create/servidor_minecraft/mods}, reader: mod manifest]
[21Feb2026 16:06:50.503] [main/INFO] [net.neoforged.fml.loading.moddiscovery.ModDiscoverer/SCAN]: Found mod file "netherportalfix-neoforge-1.21.1-21.1.1.jar" [locator: {mods folder locator at /workspaces/tudo-sobre-create/servidor_minecraft/mods}, reader: mod manifest]
[21Feb2026 16:06:50.505] [main/INFO] [net.neoforged.fml.loading.moddiscovery.ModDiscoverer/SCAN]: Found mod file "not_enough_glyphs-1.21.1-4.2.6.jar" [locator: {mods folder locator at /workspaces/tudo-sobre-create/servidor_minecraft/mods}, reader: mod manifest]
[21Feb2026 16:06:50.506] [main/INFO] [net.neoforged.fml.loading.moddiscovery.ModDiscoverer/SCAN]: Found mod file "observable-5.4.4.jar" [locator: {mods folder locator at /workspaces/tudo-sobre-create/servidor_minecraft/mods}, reader: mod manifest]
[21Feb2026 16:06:50.507] [main/INFO] [net.neoforged.fml.loading.moddiscovery.ModDiscoverer/SCAN]: Found mod file "OctoLib-NEOFORGE-0.6.0.4+1.21.jar" [locator: {mods folder locator at /workspaces/tudo-sobre-create/servidor_minecraft/mods}, reader: mod manifest]
[21Feb2026 16:06:50.509] [main/INFO] [net.neoforged.fml.loading.moddiscovery.ModDiscoverer/SCAN]: Found mod file "pipeorgans-0.8.2+1.21.1.jar" [locator: {mods folder locator at /workspaces/tudo-sobre-create/servidor_minecraft/mods}, reader: mod manifest]
[21Feb2026 16:06:50.512] [main/INFO] [net.neoforged.fml.loading.moddiscovery.ModDiscoverer/SCAN]: Found mod file "pipez-neoforge-1.21.1-1.2.19.jar" [locator: {mods folder locator at /workspaces/tudo-sobre-create/servidor_minecraft/mods}, reader: mod manifest]
[21Feb2026 16:06:50.513] [main/INFO] [net.neoforged.fml.loading.moddiscovery.ModDiscoverer/SCAN]: Found mod file "Platform-neoforge-1.21.1-1.2.11.6.1.jar" [locator: {mods folder locator at /workspaces/tudo-sobre-create/servidor_minecraft/mods}, reader: mod manifest]
[21Feb2026 16:06:50.515] [main/INFO] [net.neoforged.fml.loading.moddiscovery.ModDiscoverer/SCAN]: Found mod file "polymorph-neoforge-1.1.0+1.21.1.jar" [locator: {mods folder locator at /workspaces/tudo-sobre-create/servidor_minecraft/mods}, reader: mod manifest]
[21Feb2026 16:06:50.517] [main/INFO] [net.neoforged.fml.loading.moddiscovery.ModDiscoverer/SCAN]: Found mod file "puzzle-neoforge-2.3.0+1.21.1.jar" [locator: {mods folder locator at /workspaces/tudo-sobre-create/servidor_minecraft/mods}, reader: mod manifest]
[21Feb2026 16:06:50.519] [main/INFO] [net.neoforged.fml.loading.moddiscovery.ModDiscoverer/SCAN]: Found mod file "PuzzlesLib-v21.1.39-1.21.1-NeoForge.jar" [locator: {mods folder locator at /workspaces/tudo-sobre-create/servidor_minecraft/mods}, reader: mod manifest]
[21Feb2026 16:06:50.520] [main/INFO] [net.neoforged.fml.loading.moddiscovery.ModDiscoverer/SCAN]: Found mod file "redirected-neoforge-1.0.0-1.21.1.jar" [locator: {mods folder locator at /workspaces/tudo-sobre-create/servidor_minecraft/mods}, reader: mod manifest]
[21Feb2026 16:06:50.522] [main/INFO] [net.neoforged.fml.loading.moddiscovery.ModDiscoverer/SCAN]: Found mod file "reeses-sodium-options-neoforge-1.8.3+mc1.21.4.jar" [locator: {mods folder locator at /workspaces/tudo-sobre-create/servidor_minecraft/mods}, reader: mod manifest]
[21Feb2026 16:06:50.523] [main/INFO] [net.neoforged.fml.loading.moddiscovery.ModDiscoverer/SCAN]: Found mod file "refinedstorage-curios-integration-1.0.0.jar" [locator: {mods folder locator at /workspaces/tudo-sobre-create/servidor_minecraft/mods}, reader: mod manifest]
[21Feb2026 16:06:50.525] [main/INFO] [net.neoforged.fml.loading.moddiscovery.ModDiscoverer/SCAN]: Found mod file "refinedstorage-emi-integration-neoforge-1.0.0.jar" [locator: {mods folder locator at /workspaces/tudo-sobre-create/servidor_minecraft/mods}, reader: mod manifest]
[21Feb2026 16:06:50.530] [main/INFO] [net.neoforged.fml.loading.moddiscovery.ModDiscoverer/SCAN]: Found mod file "refinedstorage-neoforge-2.0.1.jar" [locator: {mods folder locator at /workspaces/tudo-sobre-create/servidor_minecraft/mods}, reader: mod manifest]
[21Feb2026 16:06:50.536] [main/INFO] [net.neoforged.fml.loading.moddiscovery.ModDiscoverer/SCAN]: Found mod file "relics-1.21.1-0.10.7.8.jar" [locator: {mods folder locator at /workspaces/tudo-sobre-create/servidor_minecraft/mods}, reader: mod manifest]
[21Feb2026 16:06:50.538] [main/INFO] [net.neoforged.fml.loading.moddiscovery.ModDiscoverer/SCAN]: Found mod file "relics-1.21.1-0.11.6.jar" [locator: {mods folder locator at /workspaces/tudo-sobre-create/servidor_minecraft/mods}, reader: mod manifest]
[21Feb2026 16:06:50.546] [main/INFO] [net.neoforged.fml.loading.moddiscovery.ModDiscoverer/SCAN]: Found mod file "repurposed_structures-7.5.17+1.21.1-neoforge.jar" [locator: {mods folder locator at /workspaces/tudo-sobre-create/servidor_minecraft/mods}, reader: mod manifest]
[21Feb2026 16:06:50.552] [main/INFO] [net.neoforged.fml.loading.moddiscovery.ModDiscoverer/SCAN]: Found mod file "Resourcify (1.21.1-neoforge)-1.8.0.jar" [locator: {mods folder locator at /workspaces/tudo-sobre-create/servidor_minecraft/mods}, reader: mod manifest]
[21Feb2026 16:06:50.555] [main/INFO] [net.neoforged.fml.loading.moddiscovery.ModDiscoverer/SCAN]: Found mod file "rhino-2101.2.7-build.81.jar" [locator: {mods folder locator at /workspaces/tudo-sobre-create/servidor_minecraft/mods}, reader: mod manifest]
[21Feb2026 16:06:50.557] [main/INFO] [net.neoforged.fml.loading.moddiscovery.ModDiscoverer/SCAN]: Found mod file "Ribbits-1.21.1-NeoForge-4.1.6.jar" [locator: {mods folder locator at /workspaces/tudo-sobre-create/servidor_minecraft/mods}, reader: mod manifest]
[21Feb2026 16:06:50.558] [main/INFO] [net.neoforged.fml.loading.moddiscovery.ModDiscoverer/SCAN]: Found mod file "rottencreatures-neoforge-1.21.1-1.1.2.jar" [locator: {mods folder locator at /workspaces/tudo-sobre-create/servidor_minecraft/mods}, reader: mod manifest]
[21Feb2026 16:06:50.564] [main/INFO] [net.neoforged.fml.loading.moddiscovery.ModDiscoverer/SCAN]: Found mod file "saturn-mc1.21.1-0.1.5.jar" [locator: {mods folder locator at /workspaces/tudo-sobre-create/servidor_minecraft/mods}, reader: mod manifest]
[21Feb2026 16:06:50.569] [main/INFO] [net.neoforged.fml.loading.moddiscovery.ModDiscoverer/SCAN]: Found mod file "Searchables-neoforge-1.21.1-1.0.2.jar" [locator: {mods folder locator at /workspaces/tudo-sobre-create/servidor_minecraft/mods}, reader: mod manifest]
[21Feb2026 16:06:50.570] [main/INFO] [net.neoforged.fml.loading.moddiscovery.ModDiscoverer/SCAN]: Found mod file "shulkerboxtooltip-neoforge-5.1.8+1.21.1.jar" [locator: {mods folder locator at /workspaces/tudo-sobre-create/servidor_minecraft/mods}, reader: mod manifest]
[21Feb2026 16:06:50.572] [main/INFO] [net.neoforged.fml.loading.moddiscovery.ModDiscoverer/SCAN]: Found mod file "sodium-neoforge-0.6.13+mc1.21.1.jar" [locator: {mods folder locator at /workspaces/tudo-sobre-create/servidor_minecraft/mods}, reader: mod manifest]
[21Feb2026 16:06:50.575] [main/INFO] [net.neoforged.fml.loading.moddiscovery.ModDiscoverer/SCAN]: Found mod file "sophisticatedbackpacks-1.21.1-3.25.25.1514.jar" [locator: {mods folder locator at /workspaces/tudo-sobre-create/servidor_minecraft/mods}, reader: mod manifest]
[21Feb2026 16:06:50.578] [main/INFO] [net.neoforged.fml.loading.moddiscovery.ModDiscoverer/SCAN]: Found mod file "sophisticatedcore-1.21.1-1.3.102.1368.jar" [locator: {mods folder locator at /workspaces/tudo-sobre-create/servidor_minecraft/mods}, reader: mod manifest]
[21Feb2026 16:06:50.582] [main/INFO] [net.neoforged.fml.loading.moddiscovery.ModDiscoverer/SCAN]: Found mod file "sophisticatedcore-1.21.1-1.4.2.1467.jar" [locator: {mods folder locator at /workspaces/tudo-sobre-create/servidor_minecraft/mods}, reader: mod manifest]
[21Feb2026 16:06:50.588] [main/INFO] [net.neoforged.fml.loading.moddiscovery.ModDiscoverer/SCAN]: Found mod file "sophisticatedstorage-1.21.1-1.5.20.1422.jar" [locator: {mods folder locator at /workspaces/tudo-sobre-create/servidor_minecraft/mods}, reader: mod manifest]
[21Feb2026 16:06:50.591] [main/INFO] [net.neoforged.fml.loading.moddiscovery.ModDiscoverer/SCAN]: Found mod file "sophisticatedstorage-1.21.1-1.5.26.1480.jar" [locator: {mods folder locator at /workspaces/tudo-sobre-create/servidor_minecraft/mods}, reader: mod manifest]
[21Feb2026 16:06:50.593] [main/INFO] [net.neoforged.fml.loading.moddiscovery.ModDiscoverer/SCAN]: Found mod file "spark-1.10.124-neoforge.jar" [locator: {mods folder locator at /workspaces/tudo-sobre-create/servidor_minecraft/mods}, reader: mod manifest]
[21Feb2026 16:06:50.599] [main/INFO] [net.neoforged.fml.loading.moddiscovery.ModDiscoverer/SCAN]: Found mod file "Stoneworks-v21.1.0-1.21.1-NeoForge.jar" [locator: {mods folder locator at /workspaces/tudo-sobre-create/servidor_minecraft/mods}, reader: mod manifest]
[21Feb2026 16:06:50.603] [main/INFO] [net.neoforged.fml.loading.moddiscovery.ModDiscoverer/SCAN]: Found mod file "supermartijn642configlib-1.1.8-neoforge-mc1.21.jar" [locator: {mods folder locator at /workspaces/tudo-sobre-create/servidor_minecraft/mods}, reader: mod manifest]
[21Feb2026 16:06:50.608] [main/INFO] [net.neoforged.fml.loading.moddiscovery.ModDiscoverer/SCAN]: Found mod file "supplementaries-1.21-3.5.19-neoforge.jar" [locator: {mods folder locator at /workspaces/tudo-sobre-create/servidor_minecraft/mods}, reader: mod manifest]
[21Feb2026 16:06:50.610] [main/INFO] [net.neoforged.fml.loading.moddiscovery.ModDiscoverer/SCAN]: Found mod file "tectonic-3.0.19-neoforge-1.21.1.jar" [locator: {mods folder locator at /workspaces/tudo-sobre-create/servidor_minecraft/mods}, reader: mod manifest]
[21Feb2026 16:06:50.613] [main/INFO] [net.neoforged.fml.loading.moddiscovery.ModDiscoverer/SCAN]: Found mod file "titanium-1.21-4.0.40.jar" [locator: {mods folder locator at /workspaces/tudo-sobre-create/servidor_minecraft/mods}, reader: mod manifest]
[21Feb2026 16:06:50.615] [main/INFO] [net.neoforged.fml.loading.moddiscovery.ModDiscoverer/SCAN]: Found mod file "toms_storage-1.21-2.2.4.jar" [locator: {mods folder locator at /workspaces/tudo-sobre-create/servidor_minecraft/mods}, reader: mod manifest]
[21Feb2026 16:06:50.616] [main/INFO] [net.neoforged.fml.loading.moddiscovery.ModDiscoverer/SCAN]: Found mod file "trade-cycling-neoforge-1.21.1-1.0.18.jar" [locator: {mods folder locator at /workspaces/tudo-sobre-create/servidor_minecraft/mods}, reader: mod manifest]
[21Feb2026 16:06:50.618] [main/INFO] [net.neoforged.fml.loading.moddiscovery.ModDiscoverer/SCAN]: Found mod file "txnilib-neoforge-1.0.24-1.21.1.jar" [locator: {mods folder locator at /workspaces/tudo-sobre-create/servidor_minecraft/mods}, reader: mod manifest]
[21Feb2026 16:06:50.623] [main/INFO] [net.neoforged.fml.loading.moddiscovery.ModDiscoverer/SCAN]: Found mod file "waystones-neoforge-1.21.1-21.1.25.jar" [locator: {mods folder locator at /workspaces/tudo-sobre-create/servidor_minecraft/mods}, reader: mod manifest]
[21Feb2026 16:06:50.626] [main/INFO] [net.neoforged.fml.loading.moddiscovery.ModDiscoverer/SCAN]: Found mod file "xaerominimap-neoforge-1.21.1-25.3.9.jar" [locator: {mods folder locator at /workspaces/tudo-sobre-create/servidor_minecraft/mods}, reader: mod manifest]
[21Feb2026 16:06:50.628] [main/INFO] [net.neoforged.fml.loading.moddiscovery.ModDiscoverer/SCAN]: Found mod file "xaeroworldmap-neoforge-1.21.1-1.40.10.jar" [locator: {mods folder locator at /workspaces/tudo-sobre-create/servidor_minecraft/mods}, reader: mod manifest]
[21Feb2026 16:06:50.630] [main/INFO] [net.neoforged.fml.loading.moddiscovery.ModDiscoverer/SCAN]: Found mod file "YungsApi-1.21.1-NeoForge-5.1.6.jar" [locator: {mods folder locator at /workspaces/tudo-sobre-create/servidor_minecraft/mods}, reader: mod manifest]
[21Feb2026 16:06:51.708] [main/WARN] [net.neoforged.jarjar.selection.JarSelector/]: Attempted to select two dependency jars from JarJar which have the same identification: Nested Mod File  in Mod File: /workspaces/tudo-sobre-create/servidor_minecraft/mods/moreculling-neoforge-1.21.1-1.0.6.jar and Nested Mod File  in Mod File: /workspaces/tudo-sobre-create/servidor_minecraft/mods/moreculling-neoforge-1.21.1-1.0.6.jar. Using Nested Mod File  in Mod File: /workspaces/tudo-sobre-create/servidor_minecraft/mods/moreculling-neoforge-1.21.1-1.0.6.jar
[21Feb2026 16:06:51.709] [main/WARN] [net.neoforged.jarjar.selection.JarSelector/]: Attempted to select a dependency jar for JarJar which was passed in as source: midnightlib. Using Mod File: /workspaces/tudo-sobre-create/servidor_minecraft/mods/midnightlib-neoforge-1.9.2+1.21.1.jar
[21Feb2026 16:06:51.710] [main/WARN] [net.neoforged.jarjar.selection.JarSelector/]: Attempted to select a dependency jar for JarJar which was passed in as source: library:net.fabricmc.loader. Using Mod File: /~nonexistent
[21Feb2026 16:06:51.710] [main/INFO] [net.neoforged.fml.loading.moddiscovery.locators.JarInJarDependencyLocator/]: Found 94 dependencies adding them to mods collection
[21Feb2026 16:06:51.710] [main/INFO] [net.neoforged.fml.loading.moddiscovery.ModDiscoverer/SCAN]: Found mod file "fabric-transfer-api-v1-5.4.3+a25cb45619.jar" [parent: forgified-fabric-api-0.116.7+2.2.1+1.21.1.jar, locator: jarinjar, reader: mod manifest]
[21Feb2026 16:06:51.710] [main/INFO] [net.neoforged.fml.loading.moddiscovery.ModDiscoverer/SCAN]: Found mod file "kuma-api-neoforge-21.0.7+1.21.jar" [parent: balm-neoforge-1.21.1-21.0.56.jar, locator: jarinjar, reader: mod manifest]
[21Feb2026 16:06:51.710] [main/INFO] [net.neoforged.fml.loading.moddiscovery.ModDiscoverer/SCAN]: Found mod file "fabric-renderer-api-v1-3.4.1+6e8f52c719.jar" [parent: forgified-fabric-api-0.116.7+2.2.1+1.21.1.jar, locator: jarinjar, reader: mod manifest]
[21Feb2026 16:06:51.710] [main/INFO] [net.neoforged.fml.loading.moddiscovery.ModDiscoverer/SCAN]: Found mod file "sauce-1.21.1-0.0.16.46.jar" [parent: not_enough_glyphs-1.21.1-4.2.6.jar, locator: jarinjar, reader: mod manifest]
[21Feb2026 16:06:51.710] [main/INFO] [net.neoforged.fml.loading.moddiscovery.ModDiscoverer/SCAN]: Found mod file "player-animation-lib-forge-2.0.1+1.21.1.jar" [parent: emotecraft-for-MC1.21.1-2.4.12-neoforge.jar, locator: jarinjar, reader: mod manifest]
[21Feb2026 16:06:51.710] [main/INFO] [net.neoforged.fml.loading.moddiscovery.ModDiscoverer/SCAN]: Found mod file "ponder-neoforge-1.0.81+mc1.21.1.jar" [parent: create-1.21.1-6.0.9.jar, locator: jarinjar, reader: mod manifest]
[21Feb2026 16:06:51.710] [main/INFO] [net.neoforged.fml.loading.moddiscovery.ModDiscoverer/SCAN]: Found library file "net.neoforged.neoforge-coremods-21.1.219.jar" [parent: neoforge-21.1.219-universal.jar, locator: jarinjar, reader: mod manifest]
[21Feb2026 16:06:51.710] [main/INFO] [net.neoforged.fml.loading.moddiscovery.ModDiscoverer/SCAN]: Found mod file "fabric-model-loading-api-v1-2.1.0+6e8f52c719.jar" [parent: forgified-fabric-api-0.116.7+2.2.1+1.21.1.jar, locator: jarinjar, reader: mod manifest]
[21Feb2026 16:06:51.711] [main/INFO] [net.neoforged.fml.loading.moddiscovery.ModDiscoverer/SCAN]: Found mod file "fabric-item-api-v1-11.2.0+0c57911319.jar" [parent: forgified-fabric-api-0.116.7+2.2.1+1.21.1.jar, locator: jarinjar, reader: mod manifest]
[21Feb2026 16:06:51.711] [main/INFO] [net.neoforged.fml.loading.moddiscovery.ModDiscoverer/SCAN]: Found mod file "fabric-rendering-fluids-v1-3.1.6+857185bc19.jar" [parent: forgified-fabric-api-0.116.7+2.2.1+1.21.1.jar, locator: jarinjar, reader: mod manifest]
[21Feb2026 16:06:51.711] [main/INFO] [net.neoforged.fml.loading.moddiscovery.ModDiscoverer/SCAN]: Found mod file "xaerolib-neoforge-1.21.1-1.1.0.jar" [parent: xaerominimap-neoforge-1.21.1-25.3.9.jar, locator: jarinjar, reader: mod manifest]
[21Feb2026 16:06:51.711] [main/INFO] [net.neoforged.fml.loading.moddiscovery.ModDiscoverer/SCAN]: Found library file "MixinSquared-0.2.0.jar" [parent: mixinsquared-neoforge-0.2.0.jar, locator: jarinjar]
[21Feb2026 16:06:51.711] [main/INFO] [net.neoforged.fml.loading.moddiscovery.ModDiscoverer/SCAN]: Found mod file "fabric-screen-handler-api-v1-1.3.90+8dbc56dd19.jar" [parent: forgified-fabric-api-0.116.7+2.2.1+1.21.1.jar, locator: jarinjar, reader: mod manifest]
[21Feb2026 16:06:51.711] [main/INFO] [net.neoforged.fml.loading.moddiscovery.ModDiscoverer/SCAN]: Found mod file "fabric-resource-loader-v0-1.3.1+4ea8954419.jar" [parent: forgified-fabric-api-0.116.7+2.2.1+1.21.1.jar, locator: jarinjar, reader: mod manifest]
[21Feb2026 16:06:51.711] [main/INFO] [net.neoforged.fml.loading.moddiscovery.ModDiscoverer/SCAN]: Found library file "cobalt-0.9.7.jar" [parent: cc-tweaked-1.21.1-forge-1.117.0.jar, locator: jarinjar]
[21Feb2026 16:06:51.711] [main/INFO] [net.neoforged.fml.loading.moddiscovery.ModDiscoverer/SCAN]: Found gamelibrary file "yumi-commons-collections-1.0.0.jar" [parent: yumi-mc-foundation-1.0.0-beta.1+1.21.1-mojmap.jar, locator: jarinjar, reader: mod manifest]
[21Feb2026 16:06:51.711] [main/INFO] [net.neoforged.fml.loading.moddiscovery.ModDiscoverer/SCAN]: Found mod file "fabric-rendering-v1-5.1.0+1a09bd5a19.jar" [parent: forgified-fabric-api-0.116.7+2.2.1+1.21.1.jar, locator: jarinjar, reader: mod manifest]
[21Feb2026 16:06:51.711] [main/INFO] [net.neoforged.fml.loading.moddiscovery.ModDiscoverer/SCAN]: Found mod file "fabric-renderer-indigo-1.7.1+4198af7119.jar" [parent: forgified-fabric-api-0.116.7+2.2.1+1.21.1.jar, locator: jarinjar, reader: mod manifest]
[21Feb2026 16:06:51.711] [main/INFO] [net.neoforged.fml.loading.moddiscovery.ModDiscoverer/SCAN]: Found mod file "fabric-convention-tags-v1-2.1.5+7f945d5b19.jar" [parent: forgified-fabric-api-0.116.7+2.2.1+1.21.1.jar, locator: jarinjar, reader: mod manifest]
[21Feb2026 16:06:51.711] [main/INFO] [net.neoforged.fml.loading.moddiscovery.ModDiscoverer/SCAN]: Found library file "kotlinx-coroutines-core-jvm-1.10.2.jar" [parent: kotlinforforge-5.10.0-all.jar, locator: jarinjar]
[21Feb2026 16:06:51.711] [main/INFO] [net.neoforged.fml.loading.moddiscovery.ModDiscoverer/SCAN]: Found mod file "fabric-block-view-api-v2-1.0.11+e9036fd419.jar" [parent: forgified-fabric-api-0.116.7+2.2.1+1.21.1.jar, locator: jarinjar, reader: mod manifest]
[21Feb2026 16:06:51.711] [main/INFO] [net.neoforged.fml.loading.moddiscovery.ModDiscoverer/SCAN]: Found mod file "fabric-command-api-v2-2.2.28+36d727be19.jar" [parent: forgified-fabric-api-0.116.7+2.2.1+1.21.1.jar, locator: jarinjar, reader: mod manifest]
[21Feb2026 16:06:51.712] [main/INFO] [net.neoforged.fml.loading.moddiscovery.ModDiscoverer/SCAN]: Found mod file "fabric-convention-tags-v2-2.11.1+87e5848019.jar" [parent: forgified-fabric-api-0.116.7+2.2.1+1.21.1.jar, locator: jarinjar, reader: mod manifest]
[21Feb2026 16:06:51.712] [main/INFO] [net.neoforged.fml.loading.moddiscovery.ModDiscoverer/SCAN]: Found mod file "fabric-data-attachment-api-v1-1.4.5+26d408aa19.jar" [parent: forgified-fabric-api-0.116.7+2.2.1+1.21.1.jar, locator: jarinjar, reader: mod manifest]
[21Feb2026 16:06:51.712] [main/INFO] [net.neoforged.fml.loading.moddiscovery.ModDiscoverer/SCAN]: Found library file "net.caffeinemc.sodium-neoforge-0.6.13+mc1.21.1-service.jar" [parent: sodium-neoforge-0.6.13+mc1.21.1.jar, locator: jarinjar, reader: mod manifest]
[21Feb2026 16:06:51.712] [main/INFO] [net.neoforged.fml.loading.moddiscovery.ModDiscoverer/SCAN]: Found library file "kotlinx-coroutines-jdk8-1.10.2.jar" [parent: kotlinforforge-5.10.0-all.jar, locator: jarinjar]
[21Feb2026 16:06:51.712] [main/INFO] [net.neoforged.fml.loading.moddiscovery.ModDiscoverer/SCAN]: Found gamelibrary file "yumi-commons-event-1.0.0.jar" [parent: yumi-mc-foundation-1.0.0-beta.1+1.21.1-mojmap.jar, locator: jarinjar, reader: mod manifest]
[21Feb2026 16:06:51.712] [main/INFO] [net.neoforged.fml.loading.moddiscovery.ModDiscoverer/SCAN]: Found mod file "nuggets-neoforge-1.21-1.0.10.41.jar" [parent: ars_nouveau-1.21.1-5.11.1.jar, locator: jarinjar, reader: mod manifest]
[21Feb2026 16:06:51.712] [main/INFO] [net.neoforged.fml.loading.moddiscovery.ModDiscoverer/SCAN]: Found library file "kotlin-stdlib-jdk7-2.2.20.jar" [parent: kotlinforforge-5.10.0-all.jar, locator: jarinjar]
[21Feb2026 16:06:51.712] [main/INFO] [net.neoforged.fml.loading.moddiscovery.ModDiscoverer/SCAN]: Found library file "battery-2.0.0.jar" [parent: dynamic-fps-3.11.4+minecraft-1.21.0-neoforge.jar, locator: jarinjar]
[21Feb2026 16:06:51.712] [main/INFO] [net.neoforged.fml.loading.moddiscovery.ModDiscoverer/SCAN]: Found library file "kotlin-stdlib-jdk8-2.2.20.jar" [parent: kotlinforforge-5.10.0-all.jar, locator: jarinjar]
[21Feb2026 16:06:51.712] [main/INFO] [net.neoforged.fml.loading.moddiscovery.ModDiscoverer/SCAN]: Found mod file "fabric-screen-api-v1-2.0.25+4228281319.jar" [parent: forgified-fabric-api-0.116.7+2.2.1+1.21.1.jar, locator: jarinjar, reader: mod manifest]
[21Feb2026 16:06:51.712] [main/INFO] [net.neoforged.fml.loading.moddiscovery.ModDiscoverer/SCAN]: Found mod file "fabric-particles-v1-4.0.2+824f924c19.jar" [parent: forgified-fabric-api-0.116.7+2.2.1+1.21.1.jar, locator: jarinjar, reader: mod manifest]
[21Feb2026 16:06:51.712] [main/INFO] [net.neoforged.fml.loading.moddiscovery.ModDiscoverer/SCAN]: Found library file "animated-gif-lib-for-java-animated-gif-lib-1.7.jar" [parent: kubejs-neoforge-2101.7.2-build.348.jar, locator: jarinjar]
[21Feb2026 16:06:51.712] [main/INFO] [net.neoforged.fml.loading.moddiscovery.ModDiscoverer/SCAN]: Found mod file "forgified-fabric-api-0.115.6+2.1.0+1.21.1.jar" [parent: txnilib-neoforge-1.0.24-1.21.1.jar, locator: jarinjar, reader: mod manifest]
[21Feb2026 16:06:51.712] [main/INFO] [net.neoforged.fml.loading.moddiscovery.ModDiscoverer/SCAN]: Found mod file "pridelib-1.2.4+1.21.1-mojmap.jar" [parent: lambdynamiclights-4.8.7+1.21.1-neoforge.jar, locator: jarinjar, reader: mod manifest]
[21Feb2026 16:06:51.713] [main/INFO] [net.neoforged.fml.loading.moddiscovery.ModDiscoverer/SCAN]: Found library file "kotlinx-serialization-json-jvm-1.9.0.jar" [parent: kotlinforforge-5.10.0-all.jar, locator: jarinjar]
[21Feb2026 16:06:51.713] [main/INFO] [net.neoforged.fml.loading.moddiscovery.ModDiscoverer/SCAN]: Found mod file "fabric-content-registries-v0-8.0.19+c290471319.jar" [parent: forgified-fabric-api-0.116.7+2.2.1+1.21.1.jar, locator: jarinjar, reader: mod manifest]
[21Feb2026 16:06:51.713] [main/INFO] [net.neoforged.fml.loading.moddiscovery.ModDiscoverer/SCAN]: Found mod file "fabric-transitive-access-wideners-v1-6.2.0+6c854b6f19.jar" [parent: forgified-fabric-api-0.116.7+2.2.1+1.21.1.jar, locator: jarinjar, reader: mod manifest]
[21Feb2026 16:06:51.713] [main/INFO] [net.neoforged.fml.loading.moddiscovery.ModDiscoverer/SCAN]: Found library file "snakeyaml-2.2.jar" [parent: OctoLib-NEOFORGE-0.6.0.4+1.21.jar, locator: jarinjar]
[21Feb2026 16:06:51.713] [main/INFO] [net.neoforged.fml.loading.moddiscovery.ModDiscoverer/SCAN]: Found library file "jankson-1.2.3.jar" [parent: fzzy_config-0.7.6+1.21+neoforge.jar, locator: jarinjar]
[21Feb2026 16:06:51.713] [main/INFO] [net.neoforged.fml.loading.moddiscovery.ModDiscoverer/SCAN]: Found gamelibrary file "mixinextras-neoforge-0.5.0.jar" [parent: neoforge-21.1.219-universal.jar, locator: jarinjar, reader: mod manifest]
[21Feb2026 16:06:51.713] [main/INFO] [net.neoforged.fml.loading.moddiscovery.ModDiscoverer/SCAN]: Found gamelibrary file "yumi-commons-core-1.0.0.jar" [parent: yumi-mc-foundation-1.0.0-beta.1+1.21.1-mojmap.jar, locator: jarinjar, reader: mod manifest]
[21Feb2026 16:06:51.713] [main/INFO] [net.neoforged.fml.loading.moddiscovery.ModDiscoverer/SCAN]: Found mod file "fabric-game-rule-api-v1-1.0.53+36d727be19.jar" [parent: forgified-fabric-api-0.116.7+2.2.1+1.21.1.jar, locator: jarinjar, reader: mod manifest]
[21Feb2026 16:06:51.713] [main/INFO] [net.neoforged.fml.loading.moddiscovery.ModDiscoverer/SCAN]: Found library file "jzlib-1.1.3.jar" [parent: cc-tweaked-1.21.1-forge-1.117.0.jar, locator: jarinjar]
[21Feb2026 16:06:51.713] [main/INFO] [net.neoforged.fml.loading.moddiscovery.ModDiscoverer/SCAN]: Found mod file "fabric-api-base-0.4.42+d1308ded19.jar" [parent: forgified-fabric-api-0.116.7+2.2.1+1.21.1.jar, locator: jarinjar, reader: mod manifest]
[21Feb2026 16:06:51.713] [main/INFO] [net.neoforged.fml.loading.moddiscovery.ModDiscoverer/SCAN]: Found mod file "fabric-api-lookup-api-v1-1.6.71+c290471319.jar" [parent: forgified-fabric-api-0.116.7+2.2.1+1.21.1.jar, locator: jarinjar, reader: mod manifest]
[21Feb2026 16:06:51.713] [main/INFO] [net.neoforged.fml.loading.moddiscovery.ModDiscoverer/SCAN]: Found mod file "fabric-blockrenderlayer-v1-1.1.52+c290471319.jar" [parent: forgified-fabric-api-0.116.7+2.2.1+1.21.1.jar, locator: jarinjar, reader: mod manifest]
[21Feb2026 16:06:51.713] [main/INFO] [net.neoforged.fml.loading.moddiscovery.ModDiscoverer/SCAN]: Found gamelibrary file "mixinsquared-neoforge-0.2.0.jar" [parent: moreculling-neoforge-1.21.1-1.0.6.jar, locator: jarinjar, reader: mod manifest]
[21Feb2026 16:06:51.713] [main/INFO] [net.neoforged.fml.loading.moddiscovery.ModDiscoverer/SCAN]: Found mod file "fabric-block-api-v1-1.1.0+b0c22bb819.jar" [parent: forgified-fabric-api-0.116.7+2.2.1+1.21.1.jar, locator: jarinjar, reader: mod manifest]
[21Feb2026 16:06:51.713] [main/INFO] [net.neoforged.fml.loading.moddiscovery.ModDiscoverer/SCAN]: Found library file "thedarkcolour.kfflang-5.10.0.jar" [parent: kotlinforforge-5.10.0-all.jar, locator: jarinjar, reader: mod manifest]
[21Feb2026 16:06:51.713] [main/INFO] [net.neoforged.fml.loading.moddiscovery.ModDiscoverer/SCAN]: Found mod file "spectrelib-neoforge-0.17.2+1.21.jar" [parent: comforts-neoforge-9.0.5+1.21.1.jar, locator: jarinjar, reader: mod manifest]
[21Feb2026 16:06:51.713] [main/INFO] [net.neoforged.fml.loading.moddiscovery.ModDiscoverer/SCAN]: Found mod file "fabric-resource-conditions-api-v1-4.3.0+5bdd099819.jar" [parent: forgified-fabric-api-0.116.7+2.2.1+1.21.1.jar, locator: jarinjar, reader: mod manifest]
[21Feb2026 16:06:51.713] [main/INFO] [net.neoforged.fml.loading.moddiscovery.ModDiscoverer/SCAN]: Found gamelibrary file "thedarkcolour.kfflib-5.10.0.jar" [parent: kotlinforforge-5.10.0-all.jar, locator: jarinjar, reader: mod manifest]
[21Feb2026 16:06:51.714] [main/INFO] [net.neoforged.fml.loading.moddiscovery.ModDiscoverer/SCAN]: Found mod file "bendy-lib-forge-5.1.jar" [parent: emotecraft-for-MC1.21.1-2.4.12-neoforge.jar, locator: jarinjar, reader: mod manifest]
[21Feb2026 16:06:51.714] [main/INFO] [net.neoforged.fml.loading.moddiscovery.ModDiscoverer/SCAN]: Found library file "jcpp-1.4.14.jar" [parent: iris-neoforge-1.8.12+mc1.21.1.jar, locator: jarinjar]
[21Feb2026 16:06:51.714] [main/INFO] [net.neoforged.fml.loading.moddiscovery.ModDiscoverer/SCAN]: Found mod file "thedarkcolour.kffmod-5.10.0.jar" [parent: kotlinforforge-5.10.0-all.jar, locator: jarinjar, reader: mod manifest]
[21Feb2026 16:06:51.714] [main/INFO] [net.neoforged.fml.loading.moddiscovery.ModDiscoverer/SCAN]: Found library file "kotlin-reflect-2.2.20.jar" [parent: kotlinforforge-5.10.0-all.jar, locator: jarinjar]
[21Feb2026 16:06:51.714] [main/INFO] [net.neoforged.fml.loading.moddiscovery.ModDiscoverer/SCAN]: Found library file "kotlin-stdlib-2.2.20.jar" [parent: kotlinforforge-5.10.0-all.jar, locator: jarinjar]
[21Feb2026 16:06:51.714] [main/INFO] [net.neoforged.fml.loading.moddiscovery.ModDiscoverer/SCAN]: Found mod file "flywheel-neoforge-1.21.1-1.0.6.jar" [parent: create-1.21.1-6.0.9.jar, locator: jarinjar, reader: mod manifest]
[21Feb2026 16:06:51.714] [main/INFO] [net.neoforged.fml.loading.moddiscovery.ModDiscoverer/SCAN]: Found mod file "fabric-item-group-api-v1-4.1.7+e324903319.jar" [parent: forgified-fabric-api-0.116.7+2.2.1+1.21.1.jar, locator: jarinjar, reader: mod manifest]
[21Feb2026 16:06:51.714] [main/INFO] [net.neoforged.fml.loading.moddiscovery.ModDiscoverer/SCAN]: Found mod file "fabric-gametest-api-v1-2.0.5+29f188ce19.jar" [parent: forgified-fabric-api-0.116.7+2.2.1+1.21.1.jar, locator: jarinjar, reader: mod manifest]
[21Feb2026 16:06:51.714] [main/INFO] [net.neoforged.fml.loading.moddiscovery.ModDiscoverer/SCAN]: Found mod file "spruceui-6.2.5+1.21.1-mojmap.jar" [parent: lambdynamiclights-4.8.7+1.21.1-neoforge.jar, locator: jarinjar, reader: mod manifest]
[21Feb2026 16:06:51.714] [main/INFO] [net.neoforged.fml.loading.moddiscovery.ModDiscoverer/SCAN]: Found library file "glsl-transformer-2.0.1.jar" [parent: iris-neoforge-1.8.12+mc1.21.1.jar, locator: jarinjar]
[21Feb2026 16:06:51.714] [main/INFO] [net.neoforged.fml.loading.moddiscovery.ModDiscoverer/SCAN]: Found mod file "yumi-mc-foundation-1.0.0-beta.1+1.21.1-mojmap.jar" [parent: lambdynamiclights-4.8.7+1.21.1-neoforge.jar, locator: jarinjar, reader: mod manifest]
[21Feb2026 16:06:51.714] [main/INFO] [net.neoforged.fml.loading.moddiscovery.ModDiscoverer/SCAN]: Found mod file "fabric-biome-api-v1-13.0.31+1e62d33c19.jar" [parent: forgified-fabric-api-0.116.7+2.2.1+1.21.1.jar, locator: jarinjar, reader: mod manifest]
[21Feb2026 16:06:51.714] [main/INFO] [net.neoforged.fml.loading.moddiscovery.ModDiscoverer/SCAN]: Found library file "tomlkt-jvm-0.3.7.jar" [parent: fzzy_config-0.7.6+1.21+neoforge.jar, locator: jarinjar]
[21Feb2026 16:06:51.714] [main/INFO] [net.neoforged.fml.loading.moddiscovery.ModDiscoverer/SCAN]: Found mod file "fabric-entity-events-v1-1.8.0+5ede667619.jar" [parent: forgified-fabric-api-0.116.7+2.2.1+1.21.1.jar, locator: jarinjar, reader: mod manifest]
[21Feb2026 16:06:51.714] [main/INFO] [net.neoforged.fml.loading.moddiscovery.ModDiscoverer/SCAN]: Found library file "kaleido-config-0.3.3+1.3.2.jar" [parent: cccbridge-mc1.21.1-v1.7.2-neoforge.jar, locator: jarinjar]
[21Feb2026 16:06:51.714] [main/INFO] [net.neoforged.fml.loading.moddiscovery.ModDiscoverer/SCAN]: Found library file "MathParser.org-mXparser-5.2.1.jar" [parent: immersive_aircraft-1.4.2+1.21.1-neoforge.jar, locator: jarinjar]
[21Feb2026 16:06:51.715] [main/INFO] [net.neoforged.fml.loading.moddiscovery.ModDiscoverer/SCAN]: Found mod file "fabric-registry-sync-v0-5.3.1+f9aace1619.jar" [parent: forgified-fabric-api-0.116.7+2.2.1+1.21.1.jar, locator: jarinjar, reader: mod manifest]
[21Feb2026 16:06:51.715] [main/INFO] [net.neoforged.fml.loading.moddiscovery.ModDiscoverer/SCAN]: Found mod file "lambdynamiclights-api-4.8.7+1.21.1-mojmap.jar" [parent: lambdynamiclights-4.8.7+1.21.1-neoforge.jar, locator: jarinjar, reader: mod manifest]
[21Feb2026 16:06:51.715] [main/INFO] [net.neoforged.fml.loading.moddiscovery.ModDiscoverer/SCAN]: Found mod file "fabric-recipe-api-v1-5.0.15+59440bcc19.jar" [parent: forgified-fabric-api-0.116.7+2.2.1+1.21.1.jar, locator: jarinjar, reader: mod manifest]
[21Feb2026 16:06:51.715] [main/INFO] [net.neoforged.fml.loading.moddiscovery.ModDiscoverer/SCAN]: Found mod file "fabric-loot-api-v2-3.0.15+a3ee712d19.jar" [parent: forgified-fabric-api-0.116.7+2.2.1+1.21.1.jar, locator: jarinjar, reader: mod manifest]
[21Feb2026 16:06:51.715] [main/INFO] [net.neoforged.fml.loading.moddiscovery.ModDiscoverer/SCAN]: Found mod file "lambdynamiclights-4.8.7+1.21.1-neoforge.jar" [parent: lambdynamiclights-4.8.7+1.21.1.jar, locator: jarinjar, reader: mod manifest]
[21Feb2026 16:06:51.715] [main/INFO] [net.neoforged.fml.loading.moddiscovery.ModDiscoverer/SCAN]: Found mod file "fabric-object-builder-api-v1-15.2.1+cc242efd19.jar" [parent: forgified-fabric-api-0.116.7+2.2.1+1.21.1.jar, locator: jarinjar, reader: mod manifest]
[21Feb2026 16:06:51.715] [main/INFO] [net.neoforged.fml.loading.moddiscovery.ModDiscoverer/SCAN]: Found gamelibrary file "mixinsquared-forge-0.1.1.jar" [parent: supplementaries-1.21-3.5.19-neoforge.jar, locator: jarinjar, reader: mod manifest]
[21Feb2026 16:06:51.715] [main/INFO] [net.neoforged.fml.loading.moddiscovery.ModDiscoverer/SCAN]: Found mod file "fabric-loot-api-v3-1.0.3+333dfad919.jar" [parent: forgified-fabric-api-0.116.7+2.2.1+1.21.1.jar, locator: jarinjar, reader: mod manifest]
[21Feb2026 16:06:51.715] [main/INFO] [net.neoforged.fml.loading.moddiscovery.ModDiscoverer/SCAN]: Found mod file "conditional-mixin-neoforge-0.6.3.jar" [parent: moreculling-neoforge-1.21.1-1.0.6.jar, locator: jarinjar, reader: mod manifest]
[21Feb2026 16:06:51.715] [main/INFO] [net.neoforged.fml.loading.moddiscovery.ModDiscoverer/SCAN]: Found library file "Reflect-1.6.1+curseforge.jar" [parent: ImmediatelyFast-NeoForge-1.6.10+1.21.1.jar, locator: jarinjar]
[21Feb2026 16:06:51.715] [main/INFO] [net.neoforged.fml.loading.moddiscovery.ModDiscoverer/SCAN]: Found mod file "fabric-rendering-data-attachment-v1-0.3.49+73761d2e19.jar" [parent: forgified-fabric-api-0.116.7+2.2.1+1.21.1.jar, locator: jarinjar, reader: mod manifest]
[21Feb2026 16:06:51.715] [main/INFO] [net.neoforged.fml.loading.moddiscovery.ModDiscoverer/SCAN]: Found library file "kotlinx-serialization-core-jvm-1.9.0.jar" [parent: kotlinforforge-5.10.0-all.jar, locator: jarinjar]
[21Feb2026 16:06:51.715] [main/INFO] [net.neoforged.fml.loading.moddiscovery.ModDiscoverer/SCAN]: Found mod file "fabric-networking-api-v1-4.3.0+30a980d919.jar" [parent: forgified-fabric-api-0.116.7+2.2.1+1.21.1.jar, locator: jarinjar, reader: mod manifest]
[21Feb2026 16:06:51.715] [main/INFO] [net.neoforged.fml.loading.moddiscovery.ModDiscoverer/SCAN]: Found mod file "fabric-sound-api-v1-1.0.23+10b84f8419.jar" [parent: forgified-fabric-api-0.116.7+2.2.1+1.21.1.jar, locator: jarinjar, reader: mod manifest]
[21Feb2026 16:06:51.716] [main/INFO] [net.neoforged.fml.loading.moddiscovery.ModDiscoverer/SCAN]: Found gamelibrary file "Registrate-MC1.21-1.3.0+67.jar" [parent: create-1.21.1-6.0.9.jar, locator: jarinjar, reader: mod manifest]
[21Feb2026 16:06:51.716] [main/INFO] [net.neoforged.fml.loading.moddiscovery.ModDiscoverer/SCAN]: Found mod file "fabric-message-api-v1-6.0.14+6a754fce19.jar" [parent: forgified-fabric-api-0.116.7+2.2.1+1.21.1.jar, locator: jarinjar, reader: mod manifest]
[21Feb2026 16:06:51.716] [main/INFO] [net.neoforged.fml.loading.moddiscovery.ModDiscoverer/SCAN]: Found mod file "infiniverse-568341-5486311.jar" [parent: ars_nouveau-1.21.1-5.11.1.jar, locator: jarinjar, reader: mod manifest]
[21Feb2026 16:06:51.716] [main/INFO] [net.neoforged.fml.loading.moddiscovery.ModDiscoverer/SCAN]: Found mod file "expandability-neoforge-12.0.0.jar" [parent: artifacts-neoforge-13.2.0.jar, locator: jarinjar, reader: mod manifest]
[21Feb2026 16:06:51.716] [main/INFO] [net.neoforged.fml.loading.moddiscovery.ModDiscoverer/SCAN]: Found library file "tiny-java-server-1.0.0-build.33.jar" [parent: kubejs-neoforge-2101.7.2-build.348.jar, locator: jarinjar]
[21Feb2026 16:06:51.716] [main/INFO] [net.neoforged.fml.loading.moddiscovery.ModDiscoverer/SCAN]: Found mod file "fabric-lifecycle-events-v1-2.6.0+e40d8add19.jar" [parent: forgified-fabric-api-0.116.7+2.2.1+1.21.1.jar, locator: jarinjar, reader: mod manifest]
[21Feb2026 16:06:51.716] [main/INFO] [net.neoforged.fml.loading.moddiscovery.ModDiscoverer/SCAN]: Found mod file "fabric-data-generation-api-v1-20.2.34+12dbe3c819.jar" [parent: forgified-fabric-api-0.116.7+2.2.1+1.21.1.jar, locator: jarinjar, reader: mod manifest]
[21Feb2026 16:06:51.716] [main/INFO] [net.neoforged.fml.loading.moddiscovery.ModDiscoverer/SCAN]: Found mod file "fabric-events-interaction-v0-0.7.13+86e0887119.jar" [parent: forgified-fabric-api-0.116.7+2.2.1+1.21.1.jar, locator: jarinjar, reader: mod manifest]
[21Feb2026 16:06:51.716] [main/INFO] [net.neoforged.fml.loading.moddiscovery.ModDiscoverer/SCAN]: Found mod file "fabric-key-binding-api-v1-1.0.47+62cc7ce119.jar" [parent: forgified-fabric-api-0.116.7+2.2.1+1.21.1.jar, locator: jarinjar, reader: mod manifest]
[21Feb2026 16:06:51.716] [main/INFO] [net.neoforged.fml.loading.moddiscovery.ModDiscoverer/SCAN]: Found mod file "fabric-client-tags-api-v1-1.1.15+e053909619.jar" [parent: forgified-fabric-api-0.116.7+2.2.1+1.21.1.jar, locator: jarinjar, reader: mod manifest]
[21Feb2026 16:06:51.991] [main/INFO] [org.sinytra.connector.locator.FabricModsDiscoverer/SCAN]: Fabric mod metadata not found in jar kotlinforforge.all, ignoring
[21Feb2026 16:06:51.991] [main/INFO] [org.sinytra.connector.locator.FabricModsDiscoverer/SCAN]: Fabric mod metadata not found in jar kotlinforforge.all, ignoring
[21Feb2026 16:06:52.114] [main/INFO] [org.sinytra.connector.locator.DependencyResolver/]: Dependency resolution found 0 candidates to load
[21Feb2026 16:06:52.448] [main/INFO] [net.neoforged.fml.loading.moddiscovery.locators.JarInJarDependencyLocator/]: Found 2 dependencies adding them to mods collection
[21Feb2026 16:06:52.449] [main/INFO] [net.neoforged.fml.loading.moddiscovery.ModDiscoverer/SCAN]: Found mod file "org.sinytra.connector-2.0.0-beta.13+1.21.1-mod.jar" [parent: , locator: org.sinytra.connector.locator.ConnectorLocator@592e843a, reader: mod manifest]
[21Feb2026 16:06:52.449] [main/INFO] [net.neoforged.fml.loading.moddiscovery.ModDiscoverer/SCAN]: Found gamelibrary file "runtime-1.0.0+1.21.1.jar" [parent: , locator: org.sinytra.connector.locator.ConnectorLocator@592e843a, reader: mod manifest]
[21Feb2026 16:06:52.453] [main/INFO] [net.neoforged.fml.loading.moddiscovery.ModDiscoverer/]: 
     Mod List:
		Name Version (Mod Id)

		[Let's Do] Vinery 1.5.3 (vinery)
		Additional Structures 6.3.2 (additionalstructures)
		Adorn 6.1.2+1.21.1 (adorn)
		Amendments 1.21-2.0.15 (amendments)
		Another Furniture 4.0.2 (another_furniture)
		AppleSkin 3.0.8+mc1.21 (appleskin)
		Applied Energistics 2 19.2.17 (ae2)
		Architectury 13.0.8 (architectury)
		Ars Elemental 0.7.6.13 (ars_elemental)
		Ars Nouveau 5.11.1 (ars_nouveau)
		Artifacts 13.2.0 (artifacts)
		BaguetteLib 1.1.5 (baguettelib)
		Balm 21.0.56 (balm)
		Bendy lib 5.1 (bendylib)
		Building Gadgets 2 1.3.9 (buildinggadgets2)
		Camera Mod 1.21.1-1.0.21 (camera)
		CC: Tweaked 1.117.0 (computercraft)
		CC:C Bridge 1.7.2 (cccbridge)
		Chat Heads 0.15.0 (chat_heads)
		Chunky 1.4.23 (chunky)
		ClientSort 2.2.0-beta.1+1.21.1 (clientsort)
		Cloth Config v15 API 15.0.140 (cloth_config)
		Comforts 9.0.5+1.21.1 (comforts)
		Component Viewer 1.3.3+1.21.1 (componentviewer)
		conditional mixin 0.6.3 (conditional_mixin)
		Continuity 0.0 (continuity)
		Controlling 19.0.5 (controlling)
		Corpse 1.21.1-1.1.13 (corpse)
		Corpse Curios Compatibility 3.1.3 (corpsecurioscompat)
		Create 6.0.9 (create)
		Create Confectionery 1.1.2 (create_confectionery)
		Create Contraption Terminals 0.0NONE (createcontraptionterminals)
		Create Crafts & Additions 1.5.10 (createaddition)
		Create Nuclear 1.3.2-beta.3 (createnuclear)
		Create: Bells & Whistles 0.4.7-1.21.1 (bellsandwhistles)
		Create: Connected 1.1.13-mc1.21.1 (create_connected)
		Create: Copycats+ 3.0.4+mc.1.21.1-neoforge (copycats)
		Create: Food 2.1.0 (createfood)
		Create: Power Loader 2.0.3-mc1.21.1 (create_power_loader)
		Create: Sound of Steam 0.8.2+1.21.1 (pipeorgans)
		Create: Structures Arise 171.44.43 (create_structures_arise)
		CreativeCore 2.13.28 (creativecore)
		Critters and Companions 1.21.1-2.3.4 (crittersandcompanions)
		Curios API 9.5.1+1.21.1 (curios)
		Deeper and Darker 1.3.4 (deeperdarker)
		Durability Tooltip 1.1.6 (durabilitytooltip)
		Dynamic FPS 3.11.4 (dynamic_fps)
		Easy Anvils 21.1.0 (easyanvils)
		EMI 1.1.22+1.21.1+neoforge (emi)
		EMI Loot 0.7.9+1.21+neoforge (emi_loot)
		EMIffect 2.1.6+mc1.21.1 (emiffect)
		Emotecraft 2.4.12 (emotecraft)
		Entity Model Features 3.0.11 (entity_model_features)
		ExpandAbility 12.0.0 (expandability)
		Explorify 1.6.4 (explorify)
		Farmer's Delight 1.2.9 (farmersdelight)
		Fast IP Ping 1.0.8 (fastipping)
		Ferrite Core 7.0.3 (ferritecore)
		Flywheel 1.0.6 (flywheel)
		Forgified Fabric API 0.116.7+2.2.1+1.21.1 (fabric_api)
		Forgified Fabric API Base 0.4.42+d1308ded19 (fabric_api_base)
		Forgified Fabric API Lookup API (v1) 1.6.71+c290471319 (fabric_api_lookup_api_v1)
		Forgified Fabric Biome API (v1) 13.0.31+1e62d33c19 (fabric_biome_api_v1)
		Forgified Fabric Block API (v1) 1.1.0+b0c22bb819 (fabric_block_api_v1)
		Forgified Fabric BlockRenderLayer Registration (v1) 1.1.52+c290471319 (fabric_blockrenderlayer_v1)
		Forgified Fabric BlockView API (v2) 1.0.11+e9036fd419 (fabric_block_view_api_v2)
		Forgified Fabric Client Tags 1.1.15+e053909619 (fabric_client_tags_api_v1)
		Forgified Fabric Command API (v2) 2.2.28+36d727be19 (fabric_command_api_v2)
		Forgified Fabric Content Registries (v0) 8.0.19+c290471319 (fabric_content_registries_v0)
		Forgified Fabric Convention Tags 2.1.5+7f945d5b19 (fabric_convention_tags_v1)
		Forgified Fabric Convention Tags (v2) 2.11.1+87e5848019 (fabric_convention_tags_v2)
		Forgified Fabric Data Attachment API (v1) 1.4.5+26d408aa19 (fabric_data_attachment_api_v1)
		Forgified Fabric Data Generation API (v1) 20.2.34+12dbe3c819 (fabric_data_generation_api_v1)
		Forgified Fabric Entity Events (v1) 1.8.0+5ede667619 (fabric_entity_events_v1)
		Forgified Fabric Events Interaction (v0) 0.7.13+86e0887119 (fabric_events_interaction_v0)
		Forgified Fabric Game Rule API (v1) 1.0.53+36d727be19 (fabric_game_rule_api_v1)
		Forgified Fabric Game Test API (v1) 2.0.5+29f188ce19 (fabric_gametest_api_v1)
		Forgified Fabric Item API (v1) 11.2.0+0c57911319 (fabric_item_api_v1)
		Forgified Fabric Item Group API (v1) 4.1.7+e324903319 (fabric_item_group_api_v1)
		Forgified Fabric Key Binding API (v1) 1.0.47+62cc7ce119 (fabric_key_binding_api_v1)
		Forgified Fabric Lifecycle Events (v1) 2.6.0+e40d8add19 (fabric_lifecycle_events_v1)
		Forgified Fabric Loot API (v2) 3.0.15+a3ee712d19 (fabric_loot_api_v2)
		Forgified Fabric Loot API (v3) 1.0.3+333dfad919 (fabric_loot_api_v3)
		Forgified Fabric Message API (v1) 6.0.14+6a754fce19 (fabric_message_api_v1)
		Forgified Fabric Model Loading API (v1) 2.1.0+6e8f52c719 (fabric_model_loading_api_v1)
		Forgified Fabric Networking API (v1) 4.3.0+30a980d919 (fabric_networking_api_v1)
		Forgified Fabric Object Builder API (v1) 15.2.1+cc242efd19 (fabric_object_builder_api_v1)
		Forgified Fabric Particles (v1) 4.0.2+824f924c19 (fabric_particles_v1)
		Forgified Fabric Recipe API (v1) 5.0.15+59440bcc19 (fabric_recipe_api_v1)
		Forgified Fabric Registry Sync (v0) 5.3.1+f9aace1619 (fabric_registry_sync_v0)
		Forgified Fabric Renderer - Indigo 1.7.1+4198af7119 (fabric_renderer_indigo)
		Forgified Fabric Renderer API (v1) 3.4.1+6e8f52c719 (fabric_renderer_api_v1)
		Forgified Fabric Rendering (v1) 5.1.0+1a09bd5a19 (fabric_rendering_v1)
		Forgified Fabric Rendering Data Attachment (v1) 0.3.49+73761d2e19 (fabric_rendering_data_attachment_v1)
		Forgified Fabric Rendering Fluids (v1) 3.1.6+857185bc19 (fabric_rendering_fluids_v1)
		Forgified Fabric Resource Conditions API (v1) 4.3.0+5bdd099819 (fabric_resource_conditions_api_v1)
		Forgified Fabric Resource Loader (v0) 1.3.1+4ea8954419 (fabric_resource_loader_v0)
		Forgified Fabric Screen API (v1) 2.0.25+4228281319 (fabric_screen_api_v1)
		Forgified Fabric Screen Handler API (v1) 1.3.90+8dbc56dd19 (fabric_screen_handler_api_v1)
		Forgified Fabric Sound API (v1) 1.0.23+10b84f8419 (fabric_sound_api_v1)
		Forgified Fabric Transfer API (v1) 5.4.3+a25cb45619 (fabric_transfer_api_v1)
		Forgified Fabric Transitive Access Wideners (v1) 6.2.0+6c854b6f19 (fabric_transitive_access_wideners_v1)
		Functional Storage 1.21.1-1.5.5 (functionalstorage)
		Fzzy Config 0.7.6+1.21+neoforge (fzzy_config)
		GeckoLib 4 4.8.3 (geckolib)
		Geophilic 3.4.6 (geophilic)
		GuideME 21.1.15 (guideme)
		Highlighter 1.1.11 (highlighter)
		Iceberg 1.3.2 (iceberg)
		ImmediatelyFast 1.6.10+1.21.1 (immediatelyfast)
		Immersive Aircraft 1.4.2+1.21.1 (immersive_aircraft)
		Immersive Armors 1.7.5+1.21.1 (immersive_armors)
		Infiniverse 2.0.1.0 (infiniverse)
		Iris 1.8.12-snapshot+mc1.21.1-local (iris)
		Jade 15.10.5+neoforge (jade)
		Just Enough Items 19.27.0.340 (jei)
		Kotlin For Forge 5.10.0 (kotlinforforge)
		KubeJS 2101.7.2-build.348 (kubejs)
		KumaAPI 21.0.7 (kuma_api)
		L_Ender's Cataclysm 1.21.1 3.23 (cataclysm)
		LambDynamicLights 4.8.7+1.21.1 (lambdynlights)
		LambDynamicLights (API) 4.8.7+1.21.1 (lambdynlights_api)
		LambDynamicLights (Runtime) 4.8.7+1.21.1 (lambdynlights_runtime)
		Leaves Be Gone 21.1.0 (leavesbegone)
		lionfishapi 2.6 (lionfishapi)
		Lithium 0.15.2+mc1.21.1 (lithium)
		Lithostitched 1.5.7 (lithostitched)
		Lootr 1.21.1-1.11.36.114 (lootr)
		MidnightLib 1.9.2 (midnightlib)
		Minecraft 1.21.1 (minecraft)
		MmmMmmMmmMmm 1.21-2.0.11 (dummmmmmy)
		ModernFix 5.26.1+mc1.21.1 (modernfix)
		Molten Vents 2.1.1 (molten_vents)
		Moonlight Lib 1.21-2.29.16 (moonlight)
		More Culling 1.0.6 (moreculling)
		Mouse Tweaks 2.26.1 (mousetweaks)
		Mowzie's Mobs 1.7.5 (mowziesmobs)
		Nature's Compass 1.21.1-3.0.2-neoforge (naturescompass)
		Nay Utilities 1.0 (nayutilities)
		NeoForge 21.1.219 (neoforge)
		NetherPortalFix 21.1.1 (netherportalfix)
		Not Enough Glyphs 4.2.6 (not_enough_glyphs)
		Nuggets 1.0.10.41 (nuggets)
		Observable 5.4.4 (observable)
		OctoLib 0.6.0.4 (octolib)
		Pipez 1.21.1-1.2.19 (pipez)
		Platform 1.2.11.6.1 (platform)
		Player Animator 2.0.1+1.21.1 (playeranimator)
		Polymorph 1.1.0+1.21.1 (polymorph)
		Ponder 1.0.81+mc1.21.1 (ponder)
		Pride Lib 1.2.4+1.21.1 (pride)
		Puzzle 2.3.0 (puzzle)
		Puzzles Lib 21.1.39 (puzzleslib)
		Redirected 1.0.0 (redirected)
		Reese's Sodium Options 1.8.3+mc1.21.4 (reeses_sodium_options)
		Refined Storage 2.0.1 (refinedstorage)
		Refined Storage - Curios Integration 1.0.0 (refinedstorage_curios_integration)
		Refined Storage - EMI Integration 1.0.0 (refinedstorage_emi_integration)
		Relics 0.11.6 (relics)
		Repurposed Structures 7.5.17+1.21.1-neoforge (repurposed_structures)
		Resourcify 1.8.0 (resourcify)
		Rhino 2101.2.7-build.81 (rhino)
		Ribbits 1.21.1-NeoForge-4.1.6 (ribbits)
		RottenCreatures 1.1.2 (rottencreatures)
		Saturn 0.1.5 (saturn)
		Sauce Library 0.0.16.46 (sauce)
		Searchables 1.0.2 (searchables)
		ShulkerBoxTooltip 5.1.8+1.21.1 (shulkerboxtooltip)
		Sinytra Connector 2.0.0-beta.13+1.21.1 (connector)
		Sodium 0.6.13+mc1.21.1 (sodium)
		Sophisticated Backpacks 3.25.25 (sophisticatedbackpacks)
		Sophisticated Core 1.4.2 (sophisticatedcore)
		Sophisticated Storage 1.5.26 (sophisticatedstorage)
		spark 1.10.124 (spark)
		SpectreLib 0.17.2+1.21 (spectrelib)
		SpruceUI 6.2.5+1.21.1 (spruceui)
		Stoneworks 21.1.0 (stoneworks)
		SuperMartijn642's Config Library 1.1.8 (supermartijn642configlib)
		Supplementaries 1.21-3.5.19 (supplementaries)
		Tectonic 3.0.19 (tectonic)
		Titanium 4.0.40 (titanium)
		Tom's Simple Storage Mod 2.2.4 (toms_storage)
		Trade Cycling 1.21.1-1.0.18 (trade_cycling)
		TxniLib 1.0.24 (txnilib)
		Waystones 21.1.25 (waystones)
		When Dungeons Arise 2.1.68 (dungeons_arise)
		Xaero's Minimap 25.3.9 (xaerominimap)
		Xaero's World Map 1.40.10 (xaeroworldmap)
		XaeroLib 1.1.0 (xaerolib)
		Yumi Minecraft Libraries: Foundation 1.0.0-beta.1+1.21.1 (yumi_mc_core)
		YUNG's API 1.21.1-NeoForge-5.1.6 (yungsapi)
[21Feb2026 16:06:52.535] [main/ERROR] [net.neoforged.fml.loading.moddiscovery.ModFile/LOADING]: Access transformer file META-INF/accesstransformer.cfg provided by mod pride does not exist!
[21Feb2026 16:06:53.011] [main/INFO] [org.sinytra.connector.service.hacks.ModuleLayerMigrator/]: Successfully made module authlib transformable
[21Feb2026 16:06:53.012] [main/INFO] [org.sinytra.connector.service.hacks.ModuleLayerMigrator/]: Successfully made module brigadier transformable
[21Feb2026 16:06:53.014] [main/INFO] [net.neoforged.fml.loading.FMLServiceProvider/CORE]: Loading coremod script-engine for [xaerominimap, xaeroworldmap]
[21Feb2026 16:06:55.156] [main/INFO] [mixin/]: Compatibility level set to JAVA_21
[21Feb2026 16:06:55.573] [main/INFO] [cpw.mods.modlauncher.LaunchServiceHandler/MODLAUNCHER]: Launching target 'forgeserver' with arguments [nogui]
[21Feb2026 16:06:55.629] [main/INFO] [com.aziz.saturn.common.Saturn/]: Loaded Saturn config file with 4 configurable options
[21Feb2026 16:06:55.644] [main/WARN] [mixin/]: Reference map 'saturn.refmap.json' for saturn.mixins.json could not be read. If this is a development environment you can ignore this message
[21Feb2026 16:06:55.727] [main/INFO] [ModernFix/]: Loaded configuration file for ModernFix 5.26.1+mc1.21.1: 78 options available, 0 override(s) found
[21Feb2026 16:06:55.728] [main/INFO] [ModernFix/]: Applying Nashorn fix
[21Feb2026 16:06:55.730] [main/WARN] [mixin/]: Reference map 'modernfix.refmap.json' for modernfix-modernfix.mixins.json could not be read. If this is a development environment you can ignore this message
[21Feb2026 16:06:55.735] [main/WARN] [mixin/]: Reference map 'yungsapi.refmap.json' for yungsapi.mixins.json could not be read. If this is a development environment you can ignore this message
[21Feb2026 16:06:55.737] [main/WARN] [mixin/]: Reference map 'iris.refmap.json' for mixins.iris.json could not be read. If this is a development environment you can ignore this message
[21Feb2026 16:06:55.738] [main/WARN] [mixin/]: Reference map 'iris.refmap.json' for mixins.iris.fantastic.json could not be read. If this is a development environment you can ignore this message
[21Feb2026 16:06:55.739] [main/WARN] [mixin/]: Reference map 'iris.refmap.json' for mixins.iris.vertexformat.json could not be read. If this is a development environment you can ignore this message
[21Feb2026 16:06:55.740] [main/WARN] [mixin/]: Reference map 'iris.refmap.json' for iris-batched-entity-rendering.mixins.json could not be read. If this is a development environment you can ignore this message
[21Feb2026 16:06:55.740] [main/WARN] [mixin/]: Reference map 'iris.refmap.json' for mixins.iris.compat.sodium.json could not be read. If this is a development environment you can ignore this message
[21Feb2026 16:06:55.748] [main/WARN] [mixin/]: Reference map 'clientsort.refmap.json' for clientsort.mixins.json could not be read. If this is a development environment you can ignore this message
[21Feb2026 16:06:55.749] [main/WARN] [mixin/]: Reference map 'clientsort.refmap.json' for clientsort.neoforge.mixins.json could not be read. If this is a development environment you can ignore this message
[21Feb2026 16:06:55.750] [main/WARN] [mixin/]: Reference map 'balm.refmap.json' for balm.mixins.json could not be read. If this is a development environment you can ignore this message
[21Feb2026 16:06:55.755] [main/WARN] [mixin/]: Reference map '' for chat_heads.neoforge.mixins.json could not be read. If this is a development environment you can ignore this message
[21Feb2026 16:06:55.764] [main/WARN] [mixin/]: Reference map 'reeses-sodium-options.refmap.json' for reeses-sodium-options.mixins.json could not be read. If this is a development environment you can ignore this message
[21Feb2026 16:06:55.765] [main/WARN] [mixin/]: Reference map 'curios.refmap.json' for curios.neoforge.mixins.json could not be read. If this is a development environment you can ignore this message
[21Feb2026 16:06:55.765] [main/WARN] [mixin/]: Reference map 'curios.refmap.json' for curios.mixins.json could not be read. If this is a development environment you can ignore this message
[21Feb2026 16:06:55.766] [main/WARN] [mixin/]: Reference map 'searchables.refmap.json' for searchables.mixins.json could not be read. If this is a development environment you can ignore this message
[21Feb2026 16:06:55.767] [main/WARN] [mixin/]: Reference map 'searchables.refmap.json' for searchables.neoforge.mixins.json could not be read. If this is a development environment you can ignore this message
[21Feb2026 16:06:55.772] [main/WARN] [mixin/]: Reference map 'mowziesmobs.refmap.json' for mowziesmobs.mixins.json could not be read. If this is a development environment you can ignore this message
[21Feb2026 16:06:55.819] [main/INFO] [LithiumConfig/]: Option 'mixin.experimental.entity.block_caching.suffocation' requires 'mixin.util.block_tracking=true' but found 'false'. Setting 'mixin.experimental.entity.block_caching.suffocation=false'.
[21Feb2026 16:06:55.819] [main/INFO] [LithiumConfig/]: Option 'mixin.experimental.entity.block_caching.block_support' requires 'mixin.util.block_tracking=true' but found 'false'. Setting 'mixin.experimental.entity.block_caching.block_support=false'.
[21Feb2026 16:06:55.819] [main/INFO] [LithiumConfig/]: Option 'mixin.experimental.entity.block_caching.block_touching' requires 'mixin.util.block_tracking=true' but found 'false'. Setting 'mixin.experimental.entity.block_caching.block_touching=false'.
[21Feb2026 16:06:55.820] [main/INFO] [LithiumConfig/]: Option 'mixin.experimental.entity.block_caching' requires 'mixin.util.block_tracking=true' but found 'false'. Setting 'mixin.experimental.entity.block_caching=false'.
[21Feb2026 16:06:55.820] [main/INFO] [Lithium/]: Loaded configuration file for Lithium: 148 options available, 0 override(s) found
[21Feb2026 16:06:55.865] [main/INFO] [Sodium/]: Loaded configuration file for Sodium: 43 options available, 1 override(s) found
[21Feb2026 16:06:55.874] [main/WARN] [mixin/]: Reference map 'moreculling.refmap.json' for moreculling.mixins.json could not be read. If this is a development environment you can ignore this message
[21Feb2026 16:06:55.901] [main/WARN] [mixin/]: Reference map 'ponder.refmap.json' for ponder-common.mixins.json could not be read. If this is a development environment you can ignore this message
[21Feb2026 16:06:55.906] [main/WARN] [mixin/]: Reference map 'xaerominimap.refmap.json' for xaerohud.mixins.json could not be read. If this is a development environment you can ignore this message
[21Feb2026 16:06:55.909] [main/WARN] [mixin/]: Reference map 'xaerominimap.refmap.json' for xaerominimap.mixins.json could not be read. If this is a development environment you can ignore this message
[21Feb2026 16:06:55.914] [main/WARN] [mixin/]: Reference map 'polymorph.refmap.json' for polymorph.mixins.json could not be read. If this is a development environment you can ignore this message
[21Feb2026 16:06:55.918] [main/WARN] [mixin/]: Reference map 'polymorph.refmap.json' for polymorph-compatibility.mixins.json could not be read. If this is a development environment you can ignore this message
[21Feb2026 16:06:55.997] [main/WARN] [mixin/]: Reference map 'create_power_loader.refmap.json' for create_power_loader.mixins.json could not be read. If this is a development environment you can ignore this message
[21Feb2026 16:06:56.005] [main/WARN] [mixin/]: Reference map 'kuma_api.refmap.json' for kuma_api.mixins.json could not be read. If this is a development environment you can ignore this message
[21Feb2026 16:06:56.007] [main/WARN] [mixin/]: Reference map 'netherportalfix.refmap.json' for netherportalfix.mixins.json could not be read. If this is a development environment you can ignore this message
[21Feb2026 16:06:56.010] [main/WARN] [mixin/]: Reference map 'geckolib.refmap.json' for geckolib.mixins.json could not be read. If this is a development environment you can ignore this message
[21Feb2026 16:06:56.180] [main/WARN] [mixin/]: Reference map 'ars_nouveau.refmap.json' for ars_nouveau.mixins.json could not be read. If this is a development environment you can ignore this message
[21Feb2026 16:06:56.182] [main/WARN] [mixin/]: Reference map 'sauce.refmap.json' for sauce.mixins.json could not be read. If this is a development environment you can ignore this message
[21Feb2026 16:06:56.187] [main/WARN] [mixin/]: Reference map 'xaeroworldmap.refmap.json' for xaeroworldmap.mixins.json could not be read. If this is a development environment you can ignore this message
[21Feb2026 16:06:56.190] [main/WARN] [mixin/]: Reference map 'controlling.refmap.json' for controlling.mixins.json could not be read. If this is a development environment you can ignore this message
[21Feb2026 16:06:56.191] [main/WARN] [mixin/]: Reference map 'controlling.refmap.json' for controlling.neoforge.mixins.json could not be read. If this is a development environment you can ignore this message
[21Feb2026 16:06:56.199] [main/WARN] [mixin/]: Reference map 'relics.refmap.json' for relics.mixins.json could not be read. If this is a development environment you can ignore this message
[21Feb2026 16:06:56.199] [main/WARN] [mixin/]: Reference map 'nuggets.refmap.json' for nuggets.mixins.json could not be read. If this is a development environment you can ignore this message
[21Feb2026 16:06:56.213] [main/WARN] [mixin/]: Reference map 'create_connected.refmap.json' for create_connected.mixins.json could not be read. If this is a development environment you can ignore this message
[21Feb2026 16:06:56.215] [main/WARN] [mixin/]: Reference map 'createfood.refmap.json' for createfood.mixins.json could not be read. If this is a development environment you can ignore this message
[21Feb2026 16:06:56.219] [main/WARN] [mixin/]: Reference map 'lionfishapi.refmap.json' for lionfishapi.mixins.json could not be read. If this is a development environment you can ignore this message
[21Feb2026 16:06:56.219] [main/WARN] [mixin/]: Reference map 'cataclysm.refmap.json' for cataclysm.mixins.json could not be read. If this is a development environment you can ignore this message
[21Feb2026 16:06:56.264] [main/WARN] [mixin/]: Reference map 'xaerolib.refmap.json' for xaerolib.mixins.json could not be read. If this is a development environment you can ignore this message
[21Feb2026 16:06:56.266] [main/WARN] [mixin/]: Reference map 'pipeorgans.refmap.json' for pipeorgans.mixins.json could not be read. If this is a development environment you can ignore this message
[21Feb2026 16:06:56.266] [main/WARN] [mixin/]: Reference map 'waystones.refmap.json' for waystones.mixins.json could not be read. If this is a development environment you can ignore this message
[21Feb2026 16:06:56.267] [main/WARN] [mixin/]: Reference map 'comforts.refmap.json' for comforts.mixins.json could not be read. If this is a development environment you can ignore this message
[21Feb2026 16:06:56.278] [main/WARN] [mixin/]: Reference map 'creativecore.mixins.refmap.json' for creativecore.mixins.json could not be read. If this is a development environment you can ignore this message
[21Feb2026 16:06:56.279] [main/WARN] [mixin/]: Reference map 'creativecore.mixins.refmap.json' for creativecore.forge.mixins.json could not be read. If this is a development environment you can ignore this message
[21Feb2026 16:06:56.281] [main/WARN] [mixin/]: Reference map 'ribbits.refmap.json' for ribbits.mixins.json could not be read. If this is a development environment you can ignore this message
[21Feb2026 16:06:56.281] [main/WARN] [mixin/]: Reference map 'ribbits.refmap.json' for ribbits_neoforge.mixins.json could not be read. If this is a development environment you can ignore this message
[21Feb2026 16:06:56.287] [main/WARN] [mixin/]: Reference map 'ars_elemental.refmap.json' for ars_elemental.mixins.json could not be read. If this is a development environment you can ignore this message
[21Feb2026 16:06:56.289] [main/WARN] [mixin/]: Reference map 'not_enough_glyphs.refmap.json' for not_enough_glyphs.mixins.json could not be read. If this is a development environment you can ignore this message
[21Feb2026 16:06:56.304] [main/WARN] [mixin/]: Reference map '${refmap_target}refmap.json' for ferritecore.predicates.mixin.json could not be read. If this is a development environment you can ignore this message
[21Feb2026 16:06:56.307] [main/WARN] [mixin/]: Reference map '${refmap_target}refmap.json' for ferritecore.fastmap.mixin.json could not be read. If this is a development environment you can ignore this message
[21Feb2026 16:06:56.308] [main/WARN] [mixin/]: Reference map '${refmap_target}refmap.json' for ferritecore.mrl.mixin.json could not be read. If this is a development environment you can ignore this message
[21Feb2026 16:06:56.309] [main/WARN] [mixin/]: Reference map '${refmap_target}refmap.json' for ferritecore.dedupmultipart.mixin.json could not be read. If this is a development environment you can ignore this message
[21Feb2026 16:06:56.310] [main/WARN] [mixin/]: Reference map '${refmap_target}refmap.json' for ferritecore.blockstatecache.mixin.json could not be read. If this is a development environment you can ignore this message
[21Feb2026 16:06:56.311] [main/WARN] [mixin/]: Reference map '${refmap_target}refmap.json' for ferritecore.dedupbakedquad.mixin.json could not be read. If this is a development environment you can ignore this message
[21Feb2026 16:06:56.313] [main/WARN] [mixin/]: Reference map '${refmap_target}refmap.json' for ferritecore.threaddetec.mixin.json could not be read. If this is a development environment you can ignore this message
[21Feb2026 16:06:56.314] [main/WARN] [mixin/]: Reference map '${refmap_target}refmap.json' for ferritecore.modelsides.mixin.json could not be read. If this is a development environment you can ignore this message
[21Feb2026 16:06:56.316] [main/WARN] [mixin/]: Reference map '${refmap_target}refmap.json' for ferritecore.datacomponents.mixin.json could not be read. If this is a development environment you can ignore this message
[21Feb2026 16:06:56.318] [main/WARN] [mixin/]: Reference map '${refmap_target}refmap.json' for ferritecore.accessors.mixin.json could not be read. If this is a development environment you can ignore this message
[21Feb2026 16:06:56.326] [main/WARN] [mixin/]: Reference map 'trade_cycling.refmap.json' for trade_cycling.mixins.json could not be read. If this is a development environment you can ignore this message
[21Feb2026 16:06:56.327] [main/WARN] [mixin/]: Reference map 'camera.refmap.json' for camera.mixins.json could not be read. If this is a development environment you can ignore this message
[21Feb2026 16:06:56.347] [main/WARN] [mixin/]: Reference map '' for adapter.init.mixins.json could not be read. If this is a development environment you can ignore this message
[21Feb2026 16:06:56.779] [main/WARN] [mixin/]: Error loading class: com/refinedmods/refinedstorage/block/shape/ShapeCache (java.lang.ClassNotFoundException: com.refinedmods.refinedstorage.block.shape.ShapeCache)
[21Feb2026 16:06:58.168] [main/ERROR] [net.neoforged.fml.common.asm.RuntimeDistCleaner/DISTXFORM]: Attempted to load class net/minecraft/client/gui/screens/Screen for invalid dist DEDICATED_SERVER
[21Feb2026 16:06:58.170] [main/WARN] [mixin/]: Error loading class: net/minecraft/client/gui/screens/Screen (java.lang.RuntimeException: Attempted to load class net/minecraft/client/gui/screens/Screen for invalid dist DEDICATED_SERVER)
[21Feb2026 16:06:58.170] [main/WARN] [mixin/]: @Mixin target net.minecraft.client.gui.screens.Screen was not found relics.mixins.json:ScreenMixin from mod relics
[21Feb2026 16:06:58.342] [main/WARN] [mixin/]: Error loading class: me/jellysquid/mods/lithium/common/ai/pathing/PathNodeDefaults (java.lang.ClassNotFoundException: me.jellysquid.mods.lithium.common.ai.pathing.PathNodeDefaults)
[21Feb2026 16:06:58.408] [main/WARN] [mixin/]: Error loading class: net/minecraft/client/multiplayer/resolver/ServerAddressResolver (java.lang.ClassNotFoundException: net.minecraft.client.multiplayer.resolver.ServerAddressResolver)
[21Feb2026 16:06:58.409] [main/WARN] [mixin/]: @Mixin target net.minecraft.client.multiplayer.resolver.ServerAddressResolver was not found fastipping.mixins.json:AddressResolverMixin from mod fastipping
[21Feb2026 16:06:58.446] [main/WARN] [mixin/]: Error loading class: net/minecraft/client/renderer/entity/PhantomRenderer (java.lang.ClassNotFoundException: net.minecraft.client.renderer.entity.PhantomRenderer)
[21Feb2026 16:06:58.446] [main/WARN] [mixin/]: @Mixin target net.minecraft.client.renderer.entity.PhantomRenderer was not found deeperdarker.mixins.json:PhantomRendererMixin from mod deeperdarker
[21Feb2026 16:06:58.635] [main/WARN] [mixin/]: Error loading class: me/jellysquid/mods/lithium/common/ai/pathing/PathNodeDefaults (java.lang.ClassNotFoundException: me.jellysquid.mods.lithium.common.ai.pathing.PathNodeDefaults)
[21Feb2026 16:06:59.303] [main/WARN] [mixin/]: Error loading class: com/mojang/blaze3d/platform/InputConstants$Key (java.lang.ClassNotFoundException: com.mojang.blaze3d.platform.InputConstants$Key)
[21Feb2026 16:06:59.514] [main/WARN] [mixin/]: Error loading class: org/jetbrains/annotations/ApiStatus$ScheduledForRemoval (java.lang.ClassNotFoundException: org.jetbrains.annotations.ApiStatus$ScheduledForRemoval)
[21Feb2026 16:06:59.746] [main/INFO] [MixinExtras|Service/]: Initializing MixinExtras via com.llamalad7.mixinextras.service.MixinExtrasServiceImpl(version=0.5.0).
[21Feb2026 16:06:59.928] [main/WARN] [mixin/]: Static binding violation: PRIVATE @Overwrite method decoratedId in modernfix-modernfix.mixins.json:perf.tag_id_caching.TagOrElementLocationMixin from mod modernfix cannot reduce visibiliy of PUBLIC target method, visibility will be upgraded.
[21Feb2026 16:07:01.659] [main/INFO] [net.minecraft.server.Bootstrap/]: ModernFix reached bootstrap stage (14.29 s after launch)
[21Feb2026 16:07:02.710] [main/WARN] [mixin/]: @Inject(@At("INVOKE")) Shift.BY=1 on crittersandcompanions.mixins.json:LivingEntityMixin from mod crittersandcompanions::handler$blf000$crittersandcompanions$onDie exceeds the maximum allowed value: 0. Increase the value of maxShiftBy to suppress this warning.
[21Feb2026 16:07:03.543] [main/WARN] [mixin/]: @Redirect conflict. Skipping mixins.redirected_neoforge_1.21.1.json:net.minecraft.world.level.block.RedStoneWireBlockMixin from mod redirected->@Redirect::redirectDirections()[Lnet/minecraft/core/Direction; with priority 10, already redirected by lithium.mixins.json:alloc.enum_values.redstone_wire.RedStoneWireBlockMixin from mod lithium->@Redirect::removeAllocation1()[Lnet/minecraft/core/Direction; with priority 1000
[21Feb2026 16:07:03.543] [main/WARN] [mixin/]: @Redirect conflict. Skipping mixins.redirected_neoforge_1.21.1.json:net.minecraft.world.level.block.RedStoneWireBlockMixin from mod redirected->@Redirect::redirectDirections()[Lnet/minecraft/core/Direction; with priority 10, already redirected by lithium.mixins.json:alloc.enum_values.redstone_wire.RedStoneWireBlockMixin from mod lithium->@Redirect::removeAllocation2()[Lnet/minecraft/core/Direction; with priority 1000
[21Feb2026 16:07:03.874] [main/WARN] [mixin/]: @Redirect conflict. Skipping mixins.redirected_neoforge_1.21.1.json:net.minecraft.world.level.block.piston.PistonBaseBlockMixin from mod redirected->@Redirect::redirectDirections()[Lnet/minecraft/core/Direction; with priority 10, already redirected by lithium.mixins.json:alloc.enum_values.piston_block.PistonBaseBlockMixin from mod lithium->@Redirect::removeAllocation()[Lnet/minecraft/core/Direction; with priority 1000
[21Feb2026 16:07:03.874] [main/WARN] [mixin/]: @Redirect conflict. Skipping mixins.redirected_neoforge_1.21.1.json:net.minecraft.world.level.block.piston.PistonBaseBlockMixin from mod redirected->@Redirect::redirectDirections()[Lnet/minecraft/core/Direction; with priority 10, already redirected by lithium.mixins.json:alloc.enum_values.piston_block.PistonBaseBlockMixin from mod lithium->@Redirect::removeAllocation()[Lnet/minecraft/core/Direction; with priority 1000
[21Feb2026 16:07:04.590] [main/WARN] [mixin/]: Method overwrite conflict for getTemperature in modernfix-modernfix.mixins.json:perf.remove_biome_temperature_cache.BiomeMixin from mod modernfix, previously written by com.aziz.saturn.mixin.leaks.biome_temperature_cache.BiomeMixin. Skipping method.
[21Feb2026 16:07:04.591] [main/WARN] [mixin/]: Method overwrite conflict for getTemperature in lithium.mixins.json:world.temperature_cache.BiomeMixin from mod lithium, previously written by com.aziz.saturn.mixin.leaks.biome_temperature_cache.BiomeMixin. Skipping method.
[21Feb2026 16:07:05.144] [main/WARN] [mixin/]: Method overwrite conflict for getSlotsForFace in lithium.mixins.json:alloc.composter.ComposterMixin$ComposterBlockComposterInventoryMixin from mod lithium, previously written by com.aziz.saturn.mixin.allocations.composter.ComposterBlockMixin$InputContainerMixin. Skipping method.
[21Feb2026 16:07:05.147] [main/WARN] [mixin/]: Method overwrite conflict for getSlotsForFace in lithium.mixins.json:alloc.composter.ComposterMixin$ComposterBlockDummyInventoryMixin from mod lithium, previously written by com.aziz.saturn.mixin.allocations.composter.ComposterBlockMixin$EmptyContainerMixin. Skipping method.
[21Feb2026 16:07:08.386] [main/WARN] [mixin/]: Method overwrite conflict for getEntries in emi_loot.mixins.json:LootPoolAccessor from mod emi_loot, previously written by com.blackgear.platform.core.mixin.neoforge.LootPoolMixin. Skipping method.
[21Feb2026 16:07:09.157] [main/INFO] [dev.yumi.mc.core.impl.YumiFoundationMod/]: Initializing mods (entrypoint yumi:init)...
[21Feb2026 16:07:09.227] [main/INFO] [net.minecraft.server.Bootstrap/]: Vanilla bootstrap took 7565 milliseconds
[21Feb2026 16:07:09.515] [modloading-worker-0/INFO] [net.neoforged.neoforge.common.NeoForgeMod/NEOFORGE-MOD]: NeoForge mod loading, version 21.1.219, for MC 1.21.1
[21Feb2026 16:07:09.517] [modloading-worker-0/INFO] [Puzzles Lib/]: Constructing common components for easyanvils:main
[21Feb2026 16:07:09.736] [modloading-worker-0/INFO] [Puzzles Lib/]: Constructing common components for leavesbegone:main
[21Feb2026 16:07:10.034] [modloading-worker-0/INFO] [Moonlight/]: Sending changed configs to client
[21Feb2026 16:07:10.344] [modloading-worker-0/INFO] [net.nuclearteam.createnuclear.CreateNuclear/]: createnuclear 6.0.9 initializing! Commit hash: e2de2b9a02406ec33ff6d8851ed6f0b56240b6ec
[21Feb2026 16:07:10.359] [modloading-worker-0/INFO] [net.nuclearteam.createnuclear.CreateNuclear/]: Registering mod tags for createnuclear
[21Feb2026 16:07:10.654] [modloading-worker-0/INFO] [net.nuclearteam.createnuclear.CreateNuclear/]: Registering ModBlocks for createnuclear
[21Feb2026 16:07:10.846] [modloading-worker-0/INFO] [Puzzles Lib/]: Constructing common components for stoneworks:main
[21Feb2026 16:07:10.960] [modloading-worker-0/INFO] [com.leclowndu93150.corpsecurioscompat.Main/]: Hello from Corpse Curios Compat!
[21Feb2026 16:07:11.225] [modloading-worker-0/INFO] [net.minecraft.server.LoggedPrintStream/]: [STDOUT]: [Mouse Tweaks] Disabled because not running on the client.
[21Feb2026 16:07:11.338] [modloading-worker-0/INFO] [com.simibubi.create.Create/]: Create 6.0.9 initializing! Commit hash: e2de2b9a02406ec33ff6d8851ed6f0b56240b6ec
[21Feb2026 16:07:11.482] [modloading-worker-0/INFO] [xaero.common.HudMod/]: Registering common data for channel xaerominimap:main!
[21Feb2026 16:07:11.569] [modloading-worker-0/INFO] [xaero.common.HudMod/]: Loading primary common config for channel xaerominimap:main!
[21Feb2026 16:07:11.577] [modloading-worker-0/INFO] [xaero.common.HudMod/]: Loading server config profiles for channel xaerominimap:main!
[21Feb2026 16:07:11.753] [modloading-worker-0/INFO] [Puzzles Lib/]: Constructing common components for puzzleslib:main
[21Feb2026 16:07:11.832] [modloading-worker-0/INFO] [thedarkcolour.kotlinforforge.neoforge.test.KotlinForForge/]: Kotlin For Forge Enabled!
[21Feb2026 16:07:11.976] [modloading-worker-0/INFO] [xaero.map.WorldMap/]: Registering common data for channel xaeroworldmap:main!
[21Feb2026 16:07:11.983] [modloading-worker-0/INFO] [xaero.map.WorldMap/]: Loading primary common config for channel xaeroworldmap:main!
[21Feb2026 16:07:11.986] [modloading-worker-0/INFO] [xaero.map.WorldMap/]: Loading server config profiles for channel xaeroworldmap:main!
[21Feb2026 16:07:12.602] [modloading-worker-0/WARN] [mixin/]: Discarding @Unique public method useItemOn in copycats-common.mixins.json:copycat.step.CopycatStepBlockMixin from mod copycats because it already exists in com.simibubi.create.content.decoration.copycat.CopycatStepBlock
[21Feb2026 16:07:12.635] [modloading-worker-0/WARN] [mixin/]: Discarding @Unique public method onLoad in copycats-common.mixins.json:foundation.copycat.CopycatBlockEntityMixin from mod copycats because it already exists in com.simibubi.create.content.decoration.copycat.CopycatBlockEntity
[21Feb2026 16:07:12.655] [modloading-worker-0/WARN] [mixin/]: Discarding @Unique public method useItemOn in copycats-common.mixins.json:copycat.panel.CopycatPanelBlockMixin from mod copycats because it already exists in com.simibubi.create.content.decoration.copycat.CopycatPanelBlock
[21Feb2026 16:07:12.655] [modloading-worker-0/WARN] [mixin/]: Discarding @Unique public method mirror in copycats-common.mixins.json:copycat.panel.CopycatPanelBlockMixin from mod copycats because it already exists in com.simibubi.create.content.decoration.copycat.CopycatPanelBlock
[21Feb2026 16:07:12.655] [modloading-worker-0/WARN] [mixin/]: Discarding @Unique public method rotate in copycats-common.mixins.json:copycat.panel.CopycatPanelBlockMixin from mod copycats because it already exists in com.simibubi.create.content.decoration.copycat.CopycatPanelBlock
[21Feb2026 16:07:13.062] [modloading-worker-0/INFO] [fzzy_config/]: Loaded config :emi_loot_config in 576ms
[21Feb2026 16:07:13.095] [modloading-worker-0/INFO] [me.fallenbreath.fastipping.FastIpPingMod/]: ping & connect fast!
[21Feb2026 16:07:13.541] [modloading-worker-0/INFO] [dev.averageanime.neoforge.CreateFood/]: Create: Food - Registering Items
[21Feb2026 16:07:13.564] [modloading-worker-0/INFO] [dev.averageanime.neoforge.CreateFood/]: Create: Food - Registering Blocks
[21Feb2026 16:07:13.574] [modloading-worker-0/INFO] [dev.averageanime.neoforge.CreateFood/]: Create: Food - Registering Display Blocks
[21Feb2026 16:07:13.678] [modloading-worker-0/INFO] [ObservableNet/]: Registered class observable.net.C2SPacket$InitTPSProfile
[21Feb2026 16:07:13.680] [modloading-worker-0/INFO] [ObservableNet/]: Registered class observable.net.C2SPacket$RequestAvailability
[21Feb2026 16:07:13.684] [modloading-worker-0/INFO] [ObservableNet/]: Registered class observable.net.S2CPacket$ProfilingStarted
[21Feb2026 16:07:13.687] [modloading-worker-0/INFO] [ObservableNet/]: Registered class observable.net.S2CPacket$ProfilingCompleted
[21Feb2026 16:07:13.692] [modloading-worker-0/INFO] [ObservableNet/]: Registered class observable.net.S2CPacket$ProfilerInactive
[21Feb2026 16:07:13.694] [modloading-worker-0/INFO] [ObservableNet/]: Registered class observable.net.S2CPacket$ProfilingResult
[21Feb2026 16:07:13.695] [modloading-worker-0/INFO] [ObservableNet/]: Registered class observable.net.S2CPacket$Availability
[21Feb2026 16:07:13.922] [modloading-worker-0/INFO] [KubeJS/]: Loading vanilla registries...
[21Feb2026 16:07:13.936] [modloading-worker-0/INFO] [Moonlight/]: Sending changed configs to client
[21Feb2026 16:07:13.951] [modloading-worker-0/INFO] [KubeJS/]: Looking for KubeJS plugins...
[21Feb2026 16:07:13.960] [modloading-worker-0/INFO] [KubeJS/]: Found plugin source kubejs
[21Feb2026 16:07:14.037] [modloading-worker-0/WARN] [KubeJS/]: Plugin dev.latvian.mods.kubejs.plugin.builtin.BuiltinKubeJSClientPlugin does not load on server side, skipping
[21Feb2026 16:07:14.050] [modloading-worker-0/INFO] [KubeJS/]: Done in 92.23 ms
[21Feb2026 16:07:14.378] [modloading-worker-0/INFO] [dev.averageanime.neoforge.CreateFood/]: Create: Food - Registering Fluids
[21Feb2026 16:07:14.379] [modloading-worker-0/INFO] [dev.averageanime.neoforge.CreateFood/]: Create: Food - Registering Creative Tabs
[21Feb2026 16:07:14.411] [modloading-worker-0/WARN] [mixin/]: Discarding @Unique public method rotate in copycats-neoforge.mixins.json:foundation.copycat.CopycatBlockMixin from mod copycats because it already exists in com.copycatsplus.copycats.content.copycat.door.CopycatDoorBlock
[21Feb2026 16:07:14.411] [modloading-worker-0/WARN] [mixin/]: Discarding @Unique public method mirror in copycats-neoforge.mixins.json:foundation.copycat.CopycatBlockMixin from mod copycats because it already exists in com.copycatsplus.copycats.content.copycat.door.CopycatDoorBlock
[21Feb2026 16:07:14.411] [modloading-worker-0/WARN] [mixin/]: Discarding @Unique public method useItemOn in copycats-neoforge.mixins.json:foundation.copycat.CopycatBlockMixin from mod copycats because it already exists in com.copycatsplus.copycats.content.copycat.door.CopycatDoorBlock
[21Feb2026 16:07:14.412] [modloading-worker-0/WARN] [mixin/]: Discarding @Unique public method useWithoutItem in copycats-neoforge.mixins.json:foundation.copycat.CopycatBlockMixin from mod copycats because it already exists in com.copycatsplus.copycats.content.copycat.door.CopycatDoorBlock
[21Feb2026 16:07:14.418] [modloading-worker-0/WARN] [mixin/]: Discarding @Unique public method rotate in copycats-neoforge.mixins.json:foundation.copycat.CopycatBlockMixin from mod copycats because it already exists in com.copycatsplus.copycats.content.copycat.fluid_pipe.CopycatGlassFluidPipeBlock
[21Feb2026 16:07:14.418] [modloading-worker-0/WARN] [mixin/]: Discarding @Unique public method mirror in copycats-neoforge.mixins.json:foundation.copycat.CopycatBlockMixin from mod copycats because it already exists in com.copycatsplus.copycats.content.copycat.fluid_pipe.CopycatGlassFluidPipeBlock
[21Feb2026 16:07:14.418] [modloading-worker-0/WARN] [mixin/]: Discarding @Unique public method useItemOn in copycats-neoforge.mixins.json:foundation.copycat.CopycatBlockMixin from mod copycats because it already exists in com.copycatsplus.copycats.content.copycat.fluid_pipe.CopycatGlassFluidPipeBlock
[21Feb2026 16:07:14.421] [modloading-worker-0/WARN] [mixin/]: Discarding @Unique public method useWithoutItem in copycats-neoforge.mixins.json:foundation.copycat.CopycatBlockMixin from mod copycats because it already exists in com.copycatsplus.copycats.content.copycat.fluid_pipe.CopycatGlassFluidPipeBlock
[21Feb2026 16:07:14.443] [modloading-worker-0/WARN] [mixin/]: Discarding @Unique public method rotate in copycats-neoforge.mixins.json:foundation.copycat.multistate.MultiStateCopycatBlockMixin from mod copycats because it already exists in com.copycatsplus.copycats.foundation.copycat.multistate.MultiStateCopycatBlock
[21Feb2026 16:07:14.443] [modloading-worker-0/WARN] [mixin/]: Discarding @Unique public method mirror in copycats-neoforge.mixins.json:foundation.copycat.multistate.MultiStateCopycatBlockMixin from mod copycats because it already exists in com.copycatsplus.copycats.foundation.copycat.multistate.MultiStateCopycatBlock
[21Feb2026 16:07:14.443] [modloading-worker-0/WARN] [mixin/]: Discarding @Unique public method useItemOn in copycats-neoforge.mixins.json:foundation.copycat.multistate.MultiStateCopycatBlockMixin from mod copycats because it already exists in com.copycatsplus.copycats.foundation.copycat.multistate.MultiStateCopycatBlock
[21Feb2026 16:07:14.443] [modloading-worker-0/WARN] [mixin/]: Discarding @Unique public method useWithoutItem in copycats-neoforge.mixins.json:foundation.copycat.multistate.MultiStateCopycatBlockMixin from mod copycats because it already exists in com.copycatsplus.copycats.foundation.copycat.multistate.MultiStateCopycatBlock
[21Feb2026 16:07:14.466] [modloading-worker-0/WARN] [mixin/]: Discarding @Unique public method rotate in copycats-neoforge.mixins.json:foundation.copycat.CopycatBlockMixin from mod copycats because it already exists in com.copycatsplus.copycats.content.copycat.sliding_door.CopycatSlidingDoorBlock
[21Feb2026 16:07:14.466] [modloading-worker-0/WARN] [mixin/]: Discarding @Unique public method mirror in copycats-neoforge.mixins.json:foundation.copycat.CopycatBlockMixin from mod copycats because it already exists in com.copycatsplus.copycats.content.copycat.sliding_door.CopycatSlidingDoorBlock
[21Feb2026 16:07:14.466] [modloading-worker-0/WARN] [mixin/]: Discarding @Unique public method useItemOn in copycats-neoforge.mixins.json:foundation.copycat.CopycatBlockMixin from mod copycats because it already exists in com.copycatsplus.copycats.content.copycat.sliding_door.CopycatSlidingDoorBlock
[21Feb2026 16:07:14.466] [modloading-worker-0/WARN] [mixin/]: Discarding @Unique public method useWithoutItem in copycats-neoforge.mixins.json:foundation.copycat.CopycatBlockMixin from mod copycats because it already exists in com.copycatsplus.copycats.content.copycat.sliding_door.CopycatSlidingDoorBlock
[21Feb2026 16:07:14.477] [modloading-worker-0/WARN] [mixin/]: Discarding @Unique public method rotate in copycats-neoforge.mixins.json:foundation.copycat.CopycatBlockMixin from mod copycats because it already exists in com.copycatsplus.copycats.foundation.copycat.CCCopycatBlock
[21Feb2026 16:07:14.477] [modloading-worker-0/WARN] [mixin/]: Discarding @Unique public method mirror in copycats-neoforge.mixins.json:foundation.copycat.CopycatBlockMixin from mod copycats because it already exists in com.copycatsplus.copycats.foundation.copycat.CCCopycatBlock
[21Feb2026 16:07:14.477] [modloading-worker-0/WARN] [mixin/]: Discarding @Unique public method useItemOn in copycats-neoforge.mixins.json:foundation.copycat.CopycatBlockMixin from mod copycats because it already exists in com.copycatsplus.copycats.foundation.copycat.CCCopycatBlock
[21Feb2026 16:07:14.477] [modloading-worker-0/WARN] [mixin/]: Discarding @Unique public method useWithoutItem in copycats-neoforge.mixins.json:foundation.copycat.CopycatBlockMixin from mod copycats because it already exists in com.copycatsplus.copycats.foundation.copycat.CCCopycatBlock
[21Feb2026 16:07:14.520] [modloading-worker-0/INFO] [xaero.lib.XaeroLib/]: Registering common data for channel xaerolib:main!
[21Feb2026 16:07:14.523] [modloading-worker-0/WARN] [mixin/]: Discarding @Unique public method rotate in copycats-neoforge.mixins.json:foundation.copycat.CopycatBlockMixin from mod copycats because it already exists in com.copycatsplus.copycats.content.copycat.button.CopycatButtonBlock
[21Feb2026 16:07:14.523] [modloading-worker-0/WARN] [mixin/]: Discarding @Unique public method mirror in copycats-neoforge.mixins.json:foundation.copycat.CopycatBlockMixin from mod copycats because it already exists in com.copycatsplus.copycats.content.copycat.button.CopycatButtonBlock
[21Feb2026 16:07:14.523] [modloading-worker-0/WARN] [mixin/]: Discarding @Unique public method useItemOn in copycats-neoforge.mixins.json:foundation.copycat.CopycatBlockMixin from mod copycats because it already exists in com.copycatsplus.copycats.content.copycat.button.CopycatButtonBlock
[21Feb2026 16:07:14.523] [modloading-worker-0/WARN] [mixin/]: Discarding @Unique public method useWithoutItem in copycats-neoforge.mixins.json:foundation.copycat.CopycatBlockMixin from mod copycats because it already exists in com.copycatsplus.copycats.content.copycat.button.CopycatButtonBlock
[21Feb2026 16:07:14.531] [modloading-worker-0/INFO] [xaero.lib.XaeroLib/]: Loading primary common config for channel xaerolib:main!
[21Feb2026 16:07:14.537] [modloading-worker-0/INFO] [xaero.lib.XaeroLib/]: Loading server config profiles for channel xaerolib:main!
[21Feb2026 16:07:14.550] [modloading-worker-0/WARN] [mixin/]: Discarding @Unique public method rotate in copycats-neoforge.mixins.json:foundation.copycat.CopycatBlockMixin from mod copycats because it already exists in com.copycatsplus.copycats.content.copycat.fence.CopycatFenceBlock
[21Feb2026 16:07:14.550] [modloading-worker-0/WARN] [mixin/]: Discarding @Unique public method mirror in copycats-neoforge.mixins.json:foundation.copycat.CopycatBlockMixin from mod copycats because it already exists in com.copycatsplus.copycats.content.copycat.fence.CopycatFenceBlock
[21Feb2026 16:07:14.551] [modloading-worker-0/WARN] [mixin/]: Discarding @Unique public method useItemOn in copycats-neoforge.mixins.json:foundation.copycat.CopycatBlockMixin from mod copycats because it already exists in com.copycatsplus.copycats.content.copycat.fence.CopycatFenceBlock
[21Feb2026 16:07:14.551] [modloading-worker-0/WARN] [mixin/]: Discarding @Unique public method useWithoutItem in copycats-neoforge.mixins.json:foundation.copycat.CopycatBlockMixin from mod copycats because it already exists in com.copycatsplus.copycats.content.copycat.fence.CopycatFenceBlock
[21Feb2026 16:07:14.566] [modloading-worker-0/WARN] [mixin/]: Discarding @Unique public method rotate in copycats-neoforge.mixins.json:foundation.copycat.CopycatBlockMixin from mod copycats because it already exists in com.copycatsplus.copycats.content.copycat.fence_gate.CopycatFenceGateBlock
[21Feb2026 16:07:14.567] [modloading-worker-0/WARN] [mixin/]: Discarding @Unique public method mirror in copycats-neoforge.mixins.json:foundation.copycat.CopycatBlockMixin from mod copycats because it already exists in com.copycatsplus.copycats.content.copycat.fence_gate.CopycatFenceGateBlock
[21Feb2026 16:07:14.567] [modloading-worker-0/WARN] [mixin/]: Discarding @Unique public method useItemOn in copycats-neoforge.mixins.json:foundation.copycat.CopycatBlockMixin from mod copycats because it already exists in com.copycatsplus.copycats.content.copycat.fence_gate.CopycatFenceGateBlock
[21Feb2026 16:07:14.567] [modloading-worker-0/WARN] [mixin/]: Discarding @Unique public method useWithoutItem in copycats-neoforge.mixins.json:foundation.copycat.CopycatBlockMixin from mod copycats because it already exists in com.copycatsplus.copycats.content.copycat.fence_gate.CopycatFenceGateBlock
[21Feb2026 16:07:14.618] [modloading-worker-0/WARN] [mixin/]: Discarding @Unique public method rotate in copycats-neoforge.mixins.json:foundation.copycat.CopycatBlockMixin from mod copycats because it already exists in com.copycatsplus.copycats.content.copycat.ladder.CopycatLadderBlock
[21Feb2026 16:07:14.619] [modloading-worker-0/WARN] [mixin/]: Discarding @Unique public method mirror in copycats-neoforge.mixins.json:foundation.copycat.CopycatBlockMixin from mod copycats because it already exists in com.copycatsplus.copycats.content.copycat.ladder.CopycatLadderBlock
[21Feb2026 16:07:14.619] [modloading-worker-0/WARN] [mixin/]: Discarding @Unique public method useItemOn in copycats-neoforge.mixins.json:foundation.copycat.CopycatBlockMixin from mod copycats because it already exists in com.copycatsplus.copycats.content.copycat.ladder.CopycatLadderBlock
[21Feb2026 16:07:14.619] [modloading-worker-0/WARN] [mixin/]: Discarding @Unique public method useWithoutItem in copycats-neoforge.mixins.json:foundation.copycat.CopycatBlockMixin from mod copycats because it already exists in com.copycatsplus.copycats.content.copycat.ladder.CopycatLadderBlock
[21Feb2026 16:07:14.645] [modloading-worker-0/WARN] [mixin/]: Discarding @Unique public method rotate in copycats-neoforge.mixins.json:foundation.copycat.CopycatBlockMixin from mod copycats because it already exists in com.copycatsplus.copycats.content.copycat.pressure_plate.CopycatPressurePlateBlock
[21Feb2026 16:07:14.648] [modloading-worker-0/WARN] [mixin/]: Discarding @Unique public method mirror in copycats-neoforge.mixins.json:foundation.copycat.CopycatBlockMixin from mod copycats because it already exists in com.copycatsplus.copycats.content.copycat.pressure_plate.CopycatPressurePlateBlock
[21Feb2026 16:07:14.648] [modloading-worker-0/WARN] [mixin/]: Discarding @Unique public method useItemOn in copycats-neoforge.mixins.json:foundation.copycat.CopycatBlockMixin from mod copycats because it already exists in com.copycatsplus.copycats.content.copycat.pressure_plate.CopycatPressurePlateBlock
[21Feb2026 16:07:14.648] [modloading-worker-0/WARN] [mixin/]: Discarding @Unique public method useWithoutItem in copycats-neoforge.mixins.json:foundation.copycat.CopycatBlockMixin from mod copycats because it already exists in com.copycatsplus.copycats.content.copycat.pressure_plate.CopycatPressurePlateBlock
[21Feb2026 16:07:14.662] [modloading-worker-0/WARN] [mixin/]: Discarding @Unique public method rotate in copycats-neoforge.mixins.json:foundation.copycat.CopycatBlockMixin from mod copycats because it already exists in com.copycatsplus.copycats.content.copycat.pressure_plate.CopycatWeightedPressurePlate
[21Feb2026 16:07:14.662] [modloading-worker-0/WARN] [mixin/]: Discarding @Unique public method mirror in copycats-neoforge.mixins.json:foundation.copycat.CopycatBlockMixin from mod copycats because it already exists in com.copycatsplus.copycats.content.copycat.pressure_plate.CopycatWeightedPressurePlate
[21Feb2026 16:07:14.662] [modloading-worker-0/WARN] [mixin/]: Discarding @Unique public method useItemOn in copycats-neoforge.mixins.json:foundation.copycat.CopycatBlockMixin from mod copycats because it already exists in com.copycatsplus.copycats.content.copycat.pressure_plate.CopycatWeightedPressurePlate
[21Feb2026 16:07:14.663] [modloading-worker-0/WARN] [mixin/]: Discarding @Unique public method useWithoutItem in copycats-neoforge.mixins.json:foundation.copycat.CopycatBlockMixin from mod copycats because it already exists in com.copycatsplus.copycats.content.copycat.pressure_plate.CopycatWeightedPressurePlate
[21Feb2026 16:07:14.687] [modloading-worker-0/WARN] [mixin/]: Discarding @Unique public method rotate in copycats-neoforge.mixins.json:foundation.copycat.CopycatBlockMixin from mod copycats because it already exists in com.copycatsplus.copycats.content.copycat.stairs.CopycatStairsBlock
[21Feb2026 16:07:14.689] [modloading-worker-0/WARN] [mixin/]: Discarding @Unique public method mirror in copycats-neoforge.mixins.json:foundation.copycat.CopycatBlockMixin from mod copycats because it already exists in com.copycatsplus.copycats.content.copycat.stairs.CopycatStairsBlock
[21Feb2026 16:07:14.689] [modloading-worker-0/WARN] [mixin/]: Discarding @Unique public method useItemOn in copycats-neoforge.mixins.json:foundation.copycat.CopycatBlockMixin from mod copycats because it already exists in com.copycatsplus.copycats.content.copycat.stairs.CopycatStairsBlock
[21Feb2026 16:07:14.689] [modloading-worker-0/WARN] [mixin/]: Discarding @Unique public method useWithoutItem in copycats-neoforge.mixins.json:foundation.copycat.CopycatBlockMixin from mod copycats because it already exists in com.copycatsplus.copycats.content.copycat.stairs.CopycatStairsBlock
[21Feb2026 16:07:14.729] [modloading-worker-0/WARN] [mixin/]: Discarding @Unique public method rotate in copycats-neoforge.mixins.json:foundation.copycat.CopycatBlockMixin from mod copycats because it already exists in com.copycatsplus.copycats.content.copycat.trapdoor.CopycatTrapdoorBlock
[21Feb2026 16:07:14.731] [modloading-worker-0/WARN] [mixin/]: Discarding @Unique public method mirror in copycats-neoforge.mixins.json:foundation.copycat.CopycatBlockMixin from mod copycats because it already exists in com.copycatsplus.copycats.content.copycat.trapdoor.CopycatTrapdoorBlock
[21Feb2026 16:07:14.731] [modloading-worker-0/WARN] [mixin/]: Discarding @Unique public method useItemOn in copycats-neoforge.mixins.json:foundation.copycat.CopycatBlockMixin from mod copycats because it already exists in com.copycatsplus.copycats.content.copycat.trapdoor.CopycatTrapdoorBlock
[21Feb2026 16:07:14.731] [modloading-worker-0/WARN] [mixin/]: Discarding @Unique public method useWithoutItem in copycats-neoforge.mixins.json:foundation.copycat.CopycatBlockMixin from mod copycats because it already exists in com.copycatsplus.copycats.content.copycat.trapdoor.CopycatTrapdoorBlock
[21Feb2026 16:07:14.746] [modloading-worker-0/WARN] [mixin/]: Discarding @Unique public method rotate in copycats-neoforge.mixins.json:foundation.copycat.CopycatBlockMixin from mod copycats because it already exists in com.copycatsplus.copycats.content.copycat.wall.CopycatWallBlock
[21Feb2026 16:07:14.746] [modloading-worker-0/WARN] [mixin/]: Discarding @Unique public method mirror in copycats-neoforge.mixins.json:foundation.copycat.CopycatBlockMixin from mod copycats because it already exists in com.copycatsplus.copycats.content.copycat.wall.CopycatWallBlock
[21Feb2026 16:07:14.746] [modloading-worker-0/WARN] [mixin/]: Discarding @Unique public method useItemOn in copycats-neoforge.mixins.json:foundation.copycat.CopycatBlockMixin from mod copycats because it already exists in com.copycatsplus.copycats.content.copycat.wall.CopycatWallBlock
[21Feb2026 16:07:14.746] [modloading-worker-0/WARN] [mixin/]: Discarding @Unique public method useWithoutItem in copycats-neoforge.mixins.json:foundation.copycat.CopycatBlockMixin from mod copycats because it already exists in com.copycatsplus.copycats.content.copycat.wall.CopycatWallBlock
[21Feb2026 16:07:14.785] [modloading-worker-0/WARN] [mixin/]: Discarding @Unique public method rotate in copycats-neoforge.mixins.json:foundation.copycat.CopycatBlockMixin from mod copycats because it already exists in com.copycatsplus.copycats.content.copycat.shaft.CopycatShaftBlock
[21Feb2026 16:07:14.786] [modloading-worker-0/WARN] [mixin/]: Discarding @Unique public method mirror in copycats-neoforge.mixins.json:foundation.copycat.CopycatBlockMixin from mod copycats because it already exists in com.copycatsplus.copycats.content.copycat.shaft.CopycatShaftBlock
[21Feb2026 16:07:14.786] [modloading-worker-0/WARN] [mixin/]: Discarding @Unique public method useItemOn in copycats-neoforge.mixins.json:foundation.copycat.CopycatBlockMixin from mod copycats because it already exists in com.copycatsplus.copycats.content.copycat.shaft.CopycatShaftBlock
[21Feb2026 16:07:14.787] [modloading-worker-0/WARN] [mixin/]: Discarding @Unique public method useWithoutItem in copycats-neoforge.mixins.json:foundation.copycat.CopycatBlockMixin from mod copycats because it already exists in com.copycatsplus.copycats.content.copycat.shaft.CopycatShaftBlock
[21Feb2026 16:07:14.792] [modloading-worker-0/INFO] [net.blay09.mods.balm.neoforge.config.NeoForgeBalmConfig/]: Registering config for waystones:common (COMMON) with 31 properties.
[21Feb2026 16:07:14.809] [modloading-worker-0/WARN] [mixin/]: Discarding @Unique public method rotate in copycats-neoforge.mixins.json:foundation.copycat.multistate.MultiStateCopycatBlockMixin from mod copycats because it already exists in com.copycatsplus.copycats.content.copycat.cogwheel.CopycatCogWheelBlock
[21Feb2026 16:07:14.809] [modloading-worker-0/WARN] [mixin/]: Discarding @Unique public method mirror in copycats-neoforge.mixins.json:foundation.copycat.multistate.MultiStateCopycatBlockMixin from mod copycats because it already exists in com.copycatsplus.copycats.content.copycat.cogwheel.CopycatCogWheelBlock
[21Feb2026 16:07:14.809] [modloading-worker-0/WARN] [mixin/]: Discarding @Unique public method useItemOn in copycats-neoforge.mixins.json:foundation.copycat.multistate.MultiStateCopycatBlockMixin from mod copycats because it already exists in com.copycatsplus.copycats.content.copycat.cogwheel.CopycatCogWheelBlock
[21Feb2026 16:07:14.809] [modloading-worker-0/WARN] [mixin/]: Discarding @Unique public method useWithoutItem in copycats-neoforge.mixins.json:foundation.copycat.multistate.MultiStateCopycatBlockMixin from mod copycats because it already exists in com.copycatsplus.copycats.content.copycat.cogwheel.CopycatCogWheelBlock
[21Feb2026 16:07:14.844] [modloading-worker-0/WARN] [mixin/]: Discarding @Unique public method rotate in copycats-neoforge.mixins.json:foundation.copycat.CopycatBlockMixin from mod copycats because it already exists in com.copycatsplus.copycats.content.copycat.fluid_pipe.CopycatFluidPipeBlock
[21Feb2026 16:07:14.845] [modloading-worker-0/WARN] [mixin/]: Discarding @Unique public method mirror in copycats-neoforge.mixins.json:foundation.copycat.CopycatBlockMixin from mod copycats because it already exists in com.copycatsplus.copycats.content.copycat.fluid_pipe.CopycatFluidPipeBlock
[21Feb2026 16:07:14.845] [modloading-worker-0/WARN] [mixin/]: Discarding @Unique public method useItemOn in copycats-neoforge.mixins.json:foundation.copycat.CopycatBlockMixin from mod copycats because it already exists in com.copycatsplus.copycats.content.copycat.fluid_pipe.CopycatFluidPipeBlock
[21Feb2026 16:07:14.845] [modloading-worker-0/WARN] [mixin/]: Discarding @Unique public method useWithoutItem in copycats-neoforge.mixins.json:foundation.copycat.CopycatBlockMixin from mod copycats because it already exists in com.copycatsplus.copycats.content.copycat.fluid_pipe.CopycatFluidPipeBlock
[21Feb2026 16:07:14.870] [modloading-worker-0/WARN] [mixin/]: Discarding @Unique public method rotate in copycats-neoforge.mixins.json:foundation.copycat.CopycatBlockMixin from mod copycats because it already exists in com.copycatsplus.copycats.content.copycat.pane.CopycatPaneBlock
[21Feb2026 16:07:14.870] [modloading-worker-0/WARN] [mixin/]: Discarding @Unique public method mirror in copycats-neoforge.mixins.json:foundation.copycat.CopycatBlockMixin from mod copycats because it already exists in com.copycatsplus.copycats.content.copycat.pane.CopycatPaneBlock
[21Feb2026 16:07:14.870] [modloading-worker-0/WARN] [mixin/]: Discarding @Unique public method useItemOn in copycats-neoforge.mixins.json:foundation.copycat.CopycatBlockMixin from mod copycats because it already exists in com.copycatsplus.copycats.content.copycat.pane.CopycatPaneBlock
[21Feb2026 16:07:14.870] [modloading-worker-0/WARN] [mixin/]: Discarding @Unique public method useWithoutItem in copycats-neoforge.mixins.json:foundation.copycat.CopycatBlockMixin from mod copycats because it already exists in com.copycatsplus.copycats.content.copycat.pane.CopycatPaneBlock
[21Feb2026 16:07:14.909] [modloading-worker-0/WARN] [mixin/]: Discarding @Unique public method onLoad in copycats-neoforge.mixins.json:foundation.copycat.CopycatBlockEntityMixin from mod copycats because it already exists in com.copycatsplus.copycats.foundation.copycat.CCCopycatBlockEntity
[21Feb2026 16:07:14.912] [modloading-worker-0/WARN] [mixin/]: Discarding @Unique public method onLoad in copycats-neoforge.mixins.json:foundation.copycat.multistate.MultiStateCopycatBlockEntityMixin from mod copycats because it already exists in com.copycatsplus.copycats.foundation.copycat.multistate.MultiStateCopycatBlockEntity
[21Feb2026 16:07:14.921] [modloading-worker-0/WARN] [mixin/]: Discarding @Unique public method onLoad in copycats-neoforge.mixins.json:foundation.copycat.CopycatBlockEntityMixin from mod copycats because it already exists in com.copycatsplus.copycats.content.copycat.shaft.CopycatShaftBlockEntity
[21Feb2026 16:07:14.924] [modloading-worker-0/WARN] [mixin/]: Discarding @Unique public method onLoad in copycats-neoforge.mixins.json:foundation.copycat.multistate.MultiStateCopycatBlockEntityMixin from mod copycats because it already exists in com.copycatsplus.copycats.content.copycat.cogwheel.CopycatCogWheelBlockEntity
[21Feb2026 16:07:14.926] [modloading-worker-0/WARN] [mixin/]: Discarding @Unique public method onLoad in copycats-neoforge.mixins.json:foundation.copycat.CopycatBlockEntityMixin from mod copycats because it already exists in com.copycatsplus.copycats.content.copycat.fluid_pipe.CopycatFluidPipeBlockEntity
[21Feb2026 16:07:14.929] [modloading-worker-0/WARN] [mixin/]: Discarding @Unique public method onLoad in copycats-neoforge.mixins.json:foundation.copycat.CopycatBlockEntityMixin from mod copycats because it already exists in com.copycatsplus.copycats.content.copycat.fluid_pipe.CopycatStraightPipeBlockEntity
[21Feb2026 16:07:14.931] [modloading-worker-0/WARN] [mixin/]: Discarding @Unique public method onLoad in copycats-neoforge.mixins.json:foundation.copycat.CopycatBlockEntityMixin from mod copycats because it already exists in com.copycatsplus.copycats.content.copycat.sliding_door.CopycatSlidingDoorBlockEntity
[21Feb2026 16:07:14.985] [modloading-worker-0/INFO] [Moonlight/]: Sending changed configs to client
[21Feb2026 16:07:14.995] [modloading-worker-0/INFO] [KubeJS Startup/]: Loaded script startup_scripts:main.js in 0.095 s
[21Feb2026 16:07:14.999] [modloading-worker-0/INFO] [KubeJS Startup/]: Loaded 1/1 KubeJS startup scripts in 0.879 s with 0 errors and 0 warnings
[21Feb2026 16:07:15.009] [modloading-worker-0/INFO] [KubeJS Startup/]: Validated 0 files in kubejs/data/ in 0ms
[21Feb2026 16:07:15.012] [modloading-worker-0/INFO] [PluginManager/]: Scanning classes for titanium
[21Feb2026 16:07:15.201] [modloading-worker-0/INFO] [be.florens.expandability.ExpandAbility/]: ExpandAbility here, who dis?
[21Feb2026 16:07:15.213] [modloading-worker-0/INFO] [PluginManager/]: Scanning classes for functionalstorage
[21Feb2026 16:07:19.145] [modloading-sync-worker/INFO] [Moonlight/]: Initialized block sets in 18ms
[21Feb2026 16:07:20.038] [modloading-sync-worker/INFO] [Puzzles Lib/]: Dispatching loading event for config easyanvils-common.toml
[21Feb2026 16:07:20.043] [modloading-sync-worker/INFO] [Moonlight/]: Sending changed configs to client
[21Feb2026 16:07:20.046] [modloading-sync-worker/INFO] [com.tom.storagemod.StorageMod/]: Loaded Tom's Simple Storage config file toms_storage-common.toml
[21Feb2026 16:07:20.048] [modloading-sync-worker/INFO] [Puzzles Lib/]: Dispatching loading event for config stoneworks-common.toml
[21Feb2026 16:07:20.091] [modloading-sync-worker/INFO] [Moonlight/]: Sending changed configs to client
[21Feb2026 16:07:20.099] [modloading-sync-worker/INFO] [Moonlight/]: Sending changed configs to client
[21Feb2026 16:07:20.113] [modloading-worker-0/INFO] [com.tom.storagemod.StorageMod/]: Tom's Storage Setup starting
[21Feb2026 16:07:20.142] [modloading-worker-0/INFO] [lov.Brayah_.nayutilities.Nayutilities/]: Nay Utilities te ama <3
[21Feb2026 16:07:20.150] [modloading-worker-0/INFO] [com.tom.createterminal.CreateTerminals/]: Create Contraption Terminals starting
[21Feb2026 16:07:20.155] [modloading-worker-0/INFO] [dev.averageanime.neoforge.CreateFood/]: Create: Food - Startup
[21Feb2026 16:07:20.166] [modloading-worker-0/INFO] [xaero.lib.XaeroLib/]: Loading XaeroLib common 1/2!
[21Feb2026 16:07:20.171] [modloading-worker-0/INFO] [net.minecraft.server.LoggedPrintStream/]: [STDOUT]: TxniLib onInitialize!
[21Feb2026 16:07:20.225] [NeoForge Version Check/INFO] [net.neoforged.fml.VersionChecker/]: [easyanvils] Starting version check at https://raw.githubusercontent.com/Fuzss/modresources/main/update/easyanvils.json
[21Feb2026 16:07:20.329] [modloading-sync-worker/INFO] [ribbits/]: Registering Ribbit umbrella types...
[21Feb2026 16:07:20.329] [modloading-sync-worker/INFO] [ribbits/]: Registering Ribbit professions...
[21Feb2026 16:07:20.329] [modloading-sync-worker/INFO] [ribbits/]: Registering Ribbit instruments...
[21Feb2026 16:07:20.337] [modloading-sync-worker/INFO] [Supplementaries/]: Finished mod setup in: [2, 0, 2, 0, 0, 0] ms
[21Feb2026 16:07:20.375] [NeoForge Version Check/INFO] [net.neoforged.fml.VersionChecker/]: [easyanvils] Found status: UP_TO_DATE Current: 21.1.0 Target: null
[21Feb2026 16:07:20.375] [NeoForge Version Check/INFO] [net.neoforged.fml.VersionChecker/]: [cccbridge] Starting version check at https://api.modrinth.com/updates/cccbridge/forge_updates.json
[21Feb2026 16:07:20.672] [NeoForge Version Check/INFO] [net.neoforged.fml.VersionChecker/]: [cccbridge] Found status: BETA Current: 1.7.2 Target: null
[21Feb2026 16:07:20.673] [NeoForge Version Check/INFO] [net.neoforged.fml.VersionChecker/]: [leavesbegone] Starting version check at https://raw.githubusercontent.com/Fuzss/modresources/main/update/leavesbegone.json
[21Feb2026 16:07:20.683] [NeoForge Version Check/INFO] [net.neoforged.fml.VersionChecker/]: [leavesbegone] Found status: UP_TO_DATE Current: 21.1.0 Target: null
[21Feb2026 16:07:20.683] [NeoForge Version Check/INFO] [net.neoforged.fml.VersionChecker/]: [corpse] Starting version check at https://update.maxhenkel.de/neoforge/corpse
[21Feb2026 16:07:20.924] [modloading-sync-worker/INFO] [Moonlight/]: Initialized color sets in 53ms
[21Feb2026 16:07:20.925] [modloading-sync-worker/ERROR] [Moonlight/]: Fabric API detected! This is not a Fabric mod, so please dont report related issues to MoonlightLib or its dependant. This can usually happen with connector or when having a mod that does NOT have a proper native Neoforge implementation as they SHOULD. This can easily lead to poor compatibility and issues. Proceed ar your own risk. 
 Mods that bundled Fabric API: [net.neoforged.fml.loading.moddiscovery.ModInfo@5fdfe8cf, net.neoforged.fml.loading.moddiscovery.ModInfo@2a8b33ba]
[21Feb2026 16:07:20.959] [modloading-worker-0/INFO] [xaero.map.server.WorldMapServer/]: Loading Xaero's World Map - Stage 1/2 (Server)
[21Feb2026 16:07:20.960] [modloading-worker-0/INFO] [xaero.lib.XaeroLib/]: Loading XaeroLib server 1/2!
[21Feb2026 16:07:20.959] [modloading-worker-0/INFO] [xaero.minimap.XaeroMinimap/]: Loading Xaero's Minimap - Stage 1/2 (Server)
[21Feb2026 16:07:20.961] [modloading-sync-worker/INFO] [xaero.map.server.WorldMapServer/]: Loading Xaero's World Map - Stage 2/2 (Server)
[21Feb2026 16:07:20.962] [modloading-sync-worker/INFO] [xaero.lib.XaeroLib/]: Loading XaeroLib common 2/2!
[21Feb2026 16:07:20.962] [modloading-sync-worker/INFO] [xaero.lib.XaeroLib/]: Loading XaeroLib server 2/2!
[21Feb2026 16:07:20.963] [modloading-sync-worker/INFO] [xaero.minimap.XaeroMinimap/]: Loading Xaero's Minimap - Stage 2/2 (Server)
[21Feb2026 16:07:21.021] [modloading-sync-worker/WARN] [mixin/]: @Redirect conflict. Skipping mixins.redirected_neoforge_1.21.1.json:net.minecraft.world.level.block.state.CacheMixin from mod redirected->@Redirect::redirectSupportTypes()[Lnet/minecraft/world/level/block/SupportType; with priority 10, already redirected by modernfix-modernfix.mixins.json:perf.cache_blockstate_cache_arrays.AbstractBlockStateCacheMixin from mod modernfix->@Redirect::getVoxelShapeValues()[Lnet/minecraft/world/level/block/SupportType; with priority 1000
[21Feb2026 16:07:21.114] [modloading-worker-0/INFO] [com.mrh0.createaddition.CreateAddition/]: Create Crafts & Additions Initialized!
[21Feb2026 16:07:21.155] [modloading-worker-0/INFO] [snownee.jade.Jade/]: Start loading plugin from net.blay09.mods.balm.neoforge.compat.hudinfo.NeoForgeJadeModCompat
[21Feb2026 16:07:21.162] [modloading-worker-0/INFO] [snownee.jade.Jade/]: Start loading plugin from net.mehvahdjukaar.supplementaries.integration.JadeCompat
[21Feb2026 16:07:21.164] [modloading-worker-0/INFO] [snownee.jade.Jade/]: Start loading plugin from de.maxhenkel.corpse.integration.waila.PluginCorpse
[21Feb2026 16:07:21.165] [modloading-worker-0/INFO] [snownee.jade.Jade/]: Start loading plugin from com.tom.storagemod.jade.JadePlugin
[21Feb2026 16:07:21.167] [modloading-worker-0/INFO] [snownee.jade.Jade/]: Start loading plugin from de.maxhenkel.pipez.integration.waila.PluginPipes
[21Feb2026 16:07:21.168] [modloading-worker-0/INFO] [snownee.jade.Jade/]: Start loading plugin from noobanidus.mods.lootr.common.integration.jade.LootrWailaPlugin
[21Feb2026 16:07:21.168] [modloading-worker-0/INFO] [snownee.jade.Jade/]: Start loading plugin from com.hollingsworth.arsnouveau.client.waila.WailaArsNouveauPlugin
[21Feb2026 16:07:21.169] [modloading-worker-0/INFO] [snownee.jade.Jade/]: Start loading plugin from de.maxhenkel.camera.integration.waila.PluginCamera
[21Feb2026 16:07:21.169] [modloading-worker-0/INFO] [snownee.jade.Jade/]: Start loading plugin from net.p3pp3rf1y.sophisticatedstorage.compat.jade.StorageJadePlugin
[21Feb2026 16:07:21.170] [modloading-worker-0/INFO] [snownee.jade.Jade/]: Start loading plugin from net.blay09.mods.waystones.compat.JadeIntegration
[21Feb2026 16:07:21.170] [modloading-worker-0/INFO] [snownee.jade.Jade/]: Start loading plugin from snownee.jade.addon.vanilla.VanillaPlugin
[21Feb2026 16:07:21.183] [modloading-worker-0/INFO] [snownee.jade.Jade/]: Start loading plugin from snownee.jade.addon.universal.UniversalPlugin
[21Feb2026 16:07:21.185] [NeoForge Version Check/INFO] [net.neoforged.fml.VersionChecker/]: [corpse] Found status: BETA Current: 1.21.1-1.1.13 Target: 1.21.1-1.1.13
[21Feb2026 16:07:21.186] [NeoForge Version Check/INFO] [net.neoforged.fml.VersionChecker/]: [searchables] Starting version check at https://updates.blamejared.com/get?n=searchables&gv=1.21.1&ml=neoforge
[21Feb2026 16:07:21.188] [modloading-worker-0/INFO] [snownee.jade.Jade/]: Start loading plugin from snownee.jade.addon.debug.DebugPlugin
[21Feb2026 16:07:21.189] [modloading-worker-0/INFO] [snownee.jade.Jade/]: Start loading plugin from snownee.jade.addon.core.CorePlugin
[21Feb2026 16:07:21.189] [modloading-worker-0/INFO] [snownee.jade.Jade/]: Start loading plugin from snownee.jade.addon.access.AccessibilityPlugin
[21Feb2026 16:07:21.190] [modloading-worker-0/INFO] [snownee.jade.Jade/]: Start loading plugin from appeng.integration.modules.jade.JadeModule
[21Feb2026 16:07:21.202] [modloading-worker-0/INFO] [snownee.jade.Jade/]: Start loading plugin from com.buuz135.functionalstorage.compat.jade.FSJadePlugin
[21Feb2026 16:07:21.529] [NeoForge Version Check/INFO] [net.neoforged.fml.VersionChecker/]: [searchables] Found status: BETA Current: 1.0.2 Target: 1.0.2
[21Feb2026 16:07:21.530] [NeoForge Version Check/INFO] [net.neoforged.fml.VersionChecker/]: [dynamic_fps] Starting version check at https://api.lostluma.net/updates/dynamic-fps?platform=neoforge
[21Feb2026 16:07:21.742] [main/INFO] [com.mojang.authlib.yggdrasil.YggdrasilAuthenticationService/]: Environment: Environment[sessionHost=https://sessionserver.mojang.com, servicesHost=https://api.minecraftservices.com, name=PROD]
[21Feb2026 16:07:21.891] [NeoForge Version Check/INFO] [net.neoforged.fml.VersionChecker/]: [dynamic_fps] Found status: UP_TO_DATE Current: 3.11.4 Target: null
[21Feb2026 16:07:21.892] [NeoForge Version Check/INFO] [net.neoforged.fml.VersionChecker/]: [toms_storage] Starting version check at https://raw.githubusercontent.com/tom5454/Toms-Storage/master/version-check-nf.json
[21Feb2026 16:07:21.904] [NeoForge Version Check/INFO] [net.neoforged.fml.VersionChecker/]: [toms_storage] Found status: BETA Current: 2.2.4 Target: 2.2.3
[21Feb2026 16:07:21.905] [NeoForge Version Check/INFO] [net.neoforged.fml.VersionChecker/]: [stoneworks] Starting version check at https://raw.githubusercontent.com/Fuzss/modresources/main/update/stoneworks.json
[21Feb2026 16:07:21.914] [main/WARN] [net.minecraft.server.packs.VanillaPackResourcesBuilder/]: Assets URL 'union:/workspaces/tudo-sobre-create/servidor_minecraft/libraries/net/minecraft/server/1.21.1-20240808.144430/server-1.21.1-20240808.144430-srg.jar%23255!/assets/.mcassetsroot' uses unexpected schema
[21Feb2026 16:07:21.914] [main/WARN] [net.minecraft.server.packs.VanillaPackResourcesBuilder/]: Assets URL 'union:/workspaces/tudo-sobre-create/servidor_minecraft/libraries/net/minecraft/server/1.21.1-20240808.144430/server-1.21.1-20240808.144430-srg.jar%23255!/data/.mcassetsroot' uses unexpected schema
[21Feb2026 16:07:21.916] [NeoForge Version Check/INFO] [net.neoforged.fml.VersionChecker/]: [stoneworks] Found status: UP_TO_DATE Current: 21.1.0 Target: null
[21Feb2026 16:07:21.916] [NeoForge Version Check/INFO] [net.neoforged.fml.VersionChecker/]: [emotecraft] Starting version check at https://api.modrinth.com/updates/emotecraft/forge_updates.json?neoforge=include
[21Feb2026 16:07:21.945] [main/ERROR] [net.minecraft.server.packs.AbstractPackResources/]: Couldn't load fabric:overlays metadata
com.google.gson.JsonParseException: Unknown resource condition key: tectonic:config; Unknown resource condition key: tectonic:config
	at MC-BOOTSTRAP/datafixerupper@8.0.16/com.mojang.serialization.DataResult$Error.getOrThrow(DataResult.java:287) ~[datafixerupper-8.0.16.jar%23100!/:?]
	at TRANSFORMER/minecraft@1.21.1/net.minecraft.server.packs.metadata.MetadataSectionType$1.fromJson(MetadataSectionType.java:20) ~[server-1.21.1-20240808.144430-srg.jar%23255!/:?]
	at TRANSFORMER/minecraft@1.21.1/net.minecraft.server.packs.AbstractPackResources.getMetadataFromStream(AbstractPackResources.java:54) ~[server-1.21.1-20240808.144430-srg.jar%23255!/:?]
	at TRANSFORMER/minecraft@1.21.1/net.minecraft.server.packs.AbstractPackResources.getMetadataSection(AbstractPackResources.java:33) ~[server-1.21.1-20240808.144430-srg.jar%23255!/:?]
	at TRANSFORMER/minecraft@1.21.1/net.minecraft.server.packs.repository.Pack.localvar$bfo000$fabric_resource_conditions_api_v1$applyOverlayConditions(Pack.java:536) ~[server-1.21.1-20240808.144430-srg.jar%23255!/:?]
	at TRANSFORMER/minecraft@1.21.1/net.minecraft.server.packs.repository.Pack.readPackMetadata(Pack.java:95) ~[server-1.21.1-20240808.144430-srg.jar%23255!/:?]
	at TRANSFORMER/minecraft@1.21.1/net.minecraft.server.packs.repository.Pack.readMetaAndCreate(Pack.java:40) ~[server-1.21.1-20240808.144430-srg.jar%23255!/:?]
	at TRANSFORMER/tectonic@3.0.19/dev.worldgen.tectonic.TectonicNeoforge.registerEnabledPacks(TectonicNeoforge.java:69) ~[tectonic-3.0.19-neoforge-1.21.1.jar%23384!/:?]
	at MC-BOOTSTRAP/net.neoforged.bus/net.neoforged.bus.ConsumerEventHandler.invoke(ConsumerEventHandler.java:27) ~[bus-8.0.5.jar%2362!/:?]
	at MC-BOOTSTRAP/net.neoforged.bus/net.neoforged.bus.EventBus.post(EventBus.java:360) ~[bus-8.0.5.jar%2362!/:?]
	at MC-BOOTSTRAP/net.neoforged.bus/net.neoforged.bus.EventBus.post(EventBus.java:342) ~[bus-8.0.5.jar%2362!/:?]
	at MC-BOOTSTRAP/fml_loader@4.0.42/net.neoforged.fml.ModContainer.acceptEvent(ModContainer.java:177) ~[loader-4.0.42.jar%2359!/:4.0]
	at MC-BOOTSTRAP/fml_loader@4.0.42/net.neoforged.fml.ModLoader.lambda$postEvent$13(ModLoader.java:358) ~[loader-4.0.42.jar%2359!/:4.0]
	at java.base/java.lang.Iterable.forEach(Iterable.java:75) ~[?:?]
	at MC-BOOTSTRAP/fml_loader@4.0.42/net.neoforged.fml.ModList.forEachModInOrder(ModList.java:174) ~[loader-4.0.42.jar%2359!/:4.0]
	at MC-BOOTSTRAP/fml_loader@4.0.42/net.neoforged.fml.ModLoader.postEvent(ModLoader.java:358) ~[loader-4.0.42.jar%2359!/:4.0]
	at TRANSFORMER/neoforge@21.1.219/net.neoforged.neoforge.resource.ResourcePackLoader.populatePackRepository(ResourcePackLoader.java:74) ~[neoforge-21.1.219-universal.jar%23256!/:?]
	at TRANSFORMER/minecraft@1.21.1/net.minecraft.server.packs.repository.ServerPacksSource.createPackRepository(ServerPacksSource.java:76) ~[server-1.21.1-20240808.144430-srg.jar%23255!/:?]
	at TRANSFORMER/minecraft@1.21.1/net.minecraft.server.packs.repository.ServerPacksSource.createPackRepository(ServerPacksSource.java:87) ~[server-1.21.1-20240808.144430-srg.jar%23255!/:?]
	at TRANSFORMER/minecraft@1.21.1/net.minecraft.server.Main.main(Main.java:190) ~[server-1.21.1-20240808.144430-srg.jar%23255!/:?]
	at java.base/jdk.internal.reflect.DirectMethodHandleAccessor.invoke(DirectMethodHandleAccessor.java:103) ~[?:?]
	at java.base/java.lang.reflect.Method.invoke(Method.java:580) ~[?:?]
	at MC-BOOTSTRAP/fml_loader@4.0.42/net.neoforged.fml.loading.targets.CommonLaunchHandler.runTarget(CommonLaunchHandler.java:136) ~[loader-4.0.42.jar%2359!/:4.0]
	at MC-BOOTSTRAP/fml_loader@4.0.42/net.neoforged.fml.loading.targets.CommonLaunchHandler.serverService(CommonLaunchHandler.java:128) ~[loader-4.0.42.jar%2359!/:4.0]
	at MC-BOOTSTRAP/fml_loader@4.0.42/net.neoforged.fml.loading.targets.CommonServerLaunchHandler.runService(CommonServerLaunchHandler.java:32) ~[loader-4.0.42.jar%2359!/:4.0]
	at MC-BOOTSTRAP/fml_loader@4.0.42/net.neoforged.fml.loading.targets.CommonLaunchHandler.lambda$launchService$4(CommonLaunchHandler.java:118) ~[loader-4.0.42.jar%2359!/:4.0]
	at MC-BOOTSTRAP/cpw.mods.modlauncher@11.0.5/cpw.mods.modlauncher.LaunchServiceHandlerDecorator.launch(LaunchServiceHandlerDecorator.java:30) [modlauncher-11.0.5.jar%2364!/:?]
	at MC-BOOTSTRAP/cpw.mods.modlauncher@11.0.5/cpw.mods.modlauncher.LaunchServiceHandler.launch(LaunchServiceHandler.java:53) [modlauncher-11.0.5.jar%2364!/:?]
	at MC-BOOTSTRAP/cpw.mods.modlauncher@11.0.5/cpw.mods.modlauncher.LaunchServiceHandler.launch(LaunchServiceHandler.java:71) [modlauncher-11.0.5.jar%2364!/:?]
	at MC-BOOTSTRAP/cpw.mods.modlauncher@11.0.5/cpw.mods.modlauncher.Launcher.run(Launcher.java:103) [modlauncher-11.0.5.jar%2364!/:?]
	at MC-BOOTSTRAP/cpw.mods.modlauncher@11.0.5/cpw.mods.modlauncher.Launcher.main(Launcher.java:74) [modlauncher-11.0.5.jar%2364!/:?]
	at MC-BOOTSTRAP/cpw.mods.modlauncher@11.0.5/cpw.mods.modlauncher.BootstrapLaunchConsumer.accept(BootstrapLaunchConsumer.java:26) [modlauncher-11.0.5.jar%2364!/:?]
	at MC-BOOTSTRAP/cpw.mods.modlauncher@11.0.5/cpw.mods.modlauncher.BootstrapLaunchConsumer.accept(BootstrapLaunchConsumer.java:23) [modlauncher-11.0.5.jar%2364!/:?]
	at cpw.mods.bootstraplauncher@2.0.2/cpw.mods.bootstraplauncher.BootstrapLauncher.run(BootstrapLauncher.java:210) [bootstraplauncher-2.0.2.jar:?]
	at cpw.mods.bootstraplauncher@2.0.2/cpw.mods.bootstraplauncher.BootstrapLauncher.main(BootstrapLauncher.java:69) [bootstraplauncher-2.0.2.jar:?]
	at java.base/jdk.internal.reflect.DirectMethodHandleAccessor.invoke(DirectMethodHandleAccessor.java:103) ~[?:?]
	at java.base/java.lang.reflect.Method.invoke(Method.java:580) ~[?:?]
	at net.neoforged.serverstarterjar.Main.mainLaunch(Main.java:297) [vanilla.jar:0.1.34]
	at net.neoforged.serverstarterjar.Main.main(Main.java:76) [vanilla.jar:0.1.34]
	at java.base/jdk.internal.reflect.DirectMethodHandleAccessor.invoke(DirectMethodHandleAccessor.java:103) ~[?:?]
	at java.base/java.lang.reflect.Method.invoke(Method.java:580) ~[?:?]
	at net.neoforged.serverstarterjar.Main8.main(Main8.java:19) [vanilla.jar:0.1.34]
[21Feb2026 16:07:21.957] [main/WARN] [mixin/]: Static binding violation: PRIVATE @Overwrite method elementOrTag in modernfix-modernfix.mixins.json:perf.tag_id_caching.TagEntryMixin from mod modernfix cannot reduce visibiliy of PUBLIC target method, visibility will be upgraded.
[21Feb2026 16:07:22.209] [main/INFO] [com.simibubi.create.Create/]: Created 236 recipes which will be injected into the game
[21Feb2026 16:07:22.216] [main/INFO] [com.simibubi.create.Create/]: Created 97 tags which will be injected into the game
[21Feb2026 16:07:22.414] [NeoForge Version Check/INFO] [net.neoforged.fml.VersionChecker/]: [emotecraft] Found status: OUTDATED Current: 2.4.12 Target: 2.4.12+1.21.1-forge
[21Feb2026 16:07:22.414] [NeoForge Version Check/INFO] [net.neoforged.fml.VersionChecker/]: [trade_cycling] Starting version check at https://update.maxhenkel.de/neoforge/trade_cycling
[21Feb2026 16:07:22.511] [NeoForge Version Check/INFO] [net.neoforged.fml.VersionChecker/]: [trade_cycling] Found status: BETA Current: 1.21.1-1.0.18 Target: 1.21.1-1.0.18
[21Feb2026 16:07:22.511] [NeoForge Version Check/INFO] [net.neoforged.fml.VersionChecker/]: [pipez] Starting version check at https://update.maxhenkel.de/neoforge/pipez
[21Feb2026 16:07:22.550] [main/INFO] [KubeJS Server/]: Loaded script server_scripts:main.js in 0.017 s
[21Feb2026 16:07:22.567] [main/INFO] [KubeJS Server/]: Loaded 1/1 KubeJS server scripts in 0.049 s with 0 errors and 0 warnings
[21Feb2026 16:07:22.604] [main/INFO] [Moonlight/]: Resource cache state for SERVER_DATA: up to date
[21Feb2026 16:07:22.608] [NeoForge Version Check/INFO] [net.neoforged.fml.VersionChecker/]: [pipez] Found status: BETA Current: 1.21.1-1.2.19 Target: 1.21.1-1.2.19
[21Feb2026 16:07:22.608] [NeoForge Version Check/INFO] [net.neoforged.fml.VersionChecker/]: [createcontraptionterminals] Starting version check at https://raw.githubusercontent.com/tom5454/Create-Contraption-Terminals/main/version-check.json
[21Feb2026 16:07:22.608] [main/INFO] [Moonlight/]: Populated search tree for pack at /workspaces/tudo-sobre-create/servidor_minecraft/dynamic-data-pack-cache/supplementaries-generated_pack in 1.889 ms
[21Feb2026 16:07:22.608] [main/INFO] [Moonlight/]: Starting runtime resource generation for pack type SERVER_DATA with generators [supplementaries:generated_pack]
[21Feb2026 16:07:22.615] [main/INFO] [Moonlight/]: Skipping regeneration for Dynamic SERVER_DATA Resources Provider [supplementaries:generated_pack] (cache up-to-date)
[21Feb2026 16:07:22.615] [main/INFO] [Moonlight/]: Finished runtime resources generation for 1 packs in a total of 6.949 ms 
[21Feb2026 16:07:22.617] [NeoForge Version Check/INFO] [net.neoforged.fml.VersionChecker/]: [createcontraptionterminals] Found status: BETA_OUTDATED Current: 0.0NONE Target: 1.2.0
[21Feb2026 16:07:22.617] [NeoForge Version Check/INFO] [net.neoforged.fml.VersionChecker/]: [puzzleslib] Starting version check at https://raw.githubusercontent.com/Fuzss/modresources/main/update/puzzleslib.json
[21Feb2026 16:07:22.628] [NeoForge Version Check/INFO] [net.neoforged.fml.VersionChecker/]: [puzzleslib] Found status: UP_TO_DATE Current: 21.1.39 Target: null
[21Feb2026 16:07:22.628] [NeoForge Version Check/INFO] [net.neoforged.fml.VersionChecker/]: [create_power_loader] Starting version check at https://raw.githubusercontent.com/hlysine/create_power_loader/main/update.json
[21Feb2026 16:07:22.643] [NeoForge Version Check/INFO] [net.neoforged.fml.VersionChecker/]: [create_power_loader] Found status: UP_TO_DATE Current: 2.0.3-mc1.21.1 Target: null
[21Feb2026 16:07:22.643] [NeoForge Version Check/INFO] [net.neoforged.fml.VersionChecker/]: [crittersandcompanions] Starting version check at https://api.modrinth.com/updates/critters-and-companions/forge_updates.json?neoforge=only
[21Feb2026 16:07:23.162] [NeoForge Version Check/INFO] [net.neoforged.fml.VersionChecker/]: [crittersandcompanions] Found status: UP_TO_DATE Current: 1.21.1-2.3.4 Target: null
[21Feb2026 16:07:23.163] [NeoForge Version Check/INFO] [net.neoforged.fml.VersionChecker/]: [controlling] Starting version check at https://updates.blamejared.com/get?n=controlling&gv=1.21.1&ml=neoforge
[21Feb2026 16:07:23.259] [NeoForge Version Check/INFO] [net.neoforged.fml.VersionChecker/]: [controlling] Found status: BETA Current: 19.0.5 Target: 19.0.5
[21Feb2026 16:07:23.259] [NeoForge Version Check/INFO] [net.neoforged.fml.VersionChecker/]: [additionalstructures] Starting version check at https://raw.githubusercontent.com/XxRexRaptorxX/Update-Checker/main/AdditionalStructures_NEO.json
[21Feb2026 16:07:23.274] [NeoForge Version Check/INFO] [net.neoforged.fml.VersionChecker/]: [additionalstructures] Found status: UP_TO_DATE Current: 6.3.2 Target: null
[21Feb2026 16:07:23.275] [NeoForge Version Check/INFO] [net.neoforged.fml.VersionChecker/]: [create_connected] Starting version check at https://raw.githubusercontent.com/hlysine/create_connected/main/update.json
[21Feb2026 16:07:23.285] [NeoForge Version Check/INFO] [net.neoforged.fml.VersionChecker/]: [create_connected] Found status: UP_TO_DATE Current: 1.1.13-mc1.21.1 Target: null
[21Feb2026 16:07:23.285] [NeoForge Version Check/INFO] [net.neoforged.fml.VersionChecker/]: [camera] Starting version check at https://update.maxhenkel.de/neoforge/camera
[21Feb2026 16:07:23.382] [NeoForge Version Check/INFO] [net.neoforged.fml.VersionChecker/]: [camera] Found status: BETA Current: 1.21.1-1.0.21 Target: 1.21.1-1.0.21
[21Feb2026 16:07:23.382] [NeoForge Version Check/INFO] [net.neoforged.fml.VersionChecker/]: [computercraft] Starting version check at https://api.modrinth.com/updates/cc-tweaked/forge_updates.json
[21Feb2026 16:07:23.932] [NeoForge Version Check/INFO] [net.neoforged.fml.VersionChecker/]: [computercraft] Found status: BETA Current: 1.117.0 Target: null
[21Feb2026 16:07:23.932] [NeoForge Version Check/INFO] [net.neoforged.fml.VersionChecker/]: [copycats] Starting version check at https://raw.githubusercontent.com/copycats-plus/copycats/multiloader/update.json
[21Feb2026 16:07:23.943] [NeoForge Version Check/INFO] [net.neoforged.fml.VersionChecker/]: [copycats] Found status: AHEAD Current: 3.0.4+mc.1.21.1-neoforge Target: null
[21Feb2026 16:07:23.943] [NeoForge Version Check/INFO] [net.neoforged.fml.VersionChecker/]: [moonlight] Starting version check at https://api.modrinth.com/updates/moonlight/neoforge_updates.json
[21Feb2026 16:07:23.979] [NeoForge Version Check/WARN] [net.neoforged.fml.VersionChecker/]: Failed to process update information
java.lang.NullPointerException: Cannot invoke "java.util.Map.get(Object)" because "promos" is null
	at MC-BOOTSTRAP/fml_loader@4.0.42/net.neoforged.fml.VersionChecker$1.process(VersionChecker.java:173) ~[loader-4.0.42.jar%2359!/:4.0]
	at java.base/java.lang.Iterable.forEach(Iterable.java:75) [?:?]
	at MC-BOOTSTRAP/fml_loader@4.0.42/net.neoforged.fml.VersionChecker$1.run(VersionChecker.java:105) [loader-4.0.42.jar%2359!/:4.0]
[21Feb2026 16:07:23.980] [NeoForge Version Check/INFO] [net.neoforged.fml.VersionChecker/]: [iceberg] Starting version check at https://mc-update-check.anthonyhilyard.com/520110
[21Feb2026 16:07:24.307] [NeoForge Version Check/INFO] [net.neoforged.fml.VersionChecker/]: [iceberg] Found status: UP_TO_DATE Current: 1.3.2 Target: null
[21Feb2026 16:07:24.307] [NeoForge Version Check/INFO] [net.neoforged.fml.VersionChecker/]: [highlighter] Starting version check at https://mc-update-check.anthonyhilyard.com/521590
[21Feb2026 16:07:24.332] [NeoForge Version Check/INFO] [net.neoforged.fml.VersionChecker/]: [highlighter] Found status: UP_TO_DATE Current: 1.1.11 Target: null
[21Feb2026 16:07:25.142] [Worker-Main-3/INFO] [emi_loot/]: parsing loot tables
[21Feb2026 16:07:25.186] [Worker-Main-3/ERROR] [net.minecraft.world.item.ItemStack/]: Failed to apply component patch '{minecraft:potion_contents=>PotionContents[potion=Optional[Reference{ResourceKey[minecraft:potion / minecraft:strong_healing]=net.minecraft.world.item.alchemy.Potion@57490104}], customColor=Optional.empty, customEffects=[]]}' to item: 'Item stack with stack size of 2 was larger than maximum: 1'
[21Feb2026 16:07:25.192] [Worker-Main-3/ERROR] [net.minecraft.world.item.ItemStack/]: Failed to apply component patch '{minecraft:potion_contents=>PotionContents[potion=Optional[Reference{ResourceKey[minecraft:potion / minecraft:strong_healing]=net.minecraft.world.item.alchemy.Potion@57490104}], customColor=Optional.empty, customEffects=[]]}' to item: 'Item stack with stack size of 2 was larger than maximum: 1'
[21Feb2026 16:07:25.241] [Worker-Main-3/ERROR] [net.minecraft.world.item.ItemStack/]: Failed to apply component patch '{minecraft:potion_contents=>PotionContents[potion=Optional[Reference{ResourceKey[minecraft:potion / minecraft:regeneration]=net.minecraft.world.item.alchemy.Potion@517e942b}], customColor=Optional[8388672], customEffects=[effect.minecraft.regeneration x 5, Duration: 300, effect.minecraft.instant_health x 3, Duration: 1]]}' to item: 'Item stack with stack size of 2 was larger than maximum: 1'
[21Feb2026 16:07:25.269] [Worker-Main-3/ERROR] [net.minecraft.world.item.ItemStack/]: Failed to apply component patch '{minecraft:potion_contents=>PotionContents[potion=Optional[Reference{ResourceKey[minecraft:potion / minecraft:strong_healing]=net.minecraft.world.item.alchemy.Potion@57490104}], customColor=Optional.empty, customEffects=[]]}' to item: 'Item stack with stack size of 2 was larger than maximum: 1'
[21Feb2026 16:07:25.331] [Worker-Main-3/ERROR] [net.minecraft.world.item.ItemStack/]: Failed to apply component patch '{minecraft:potion_contents=>PotionContents[potion=Optional[Reference{ResourceKey[minecraft:potion / minecraft:strong_healing]=net.minecraft.world.item.alchemy.Potion@57490104}], customColor=Optional.empty, customEffects=[]]}' to item: 'Item stack with stack size of 2 was larger than maximum: 1'
[21Feb2026 16:07:25.331] [Worker-Main-3/ERROR] [net.minecraft.world.item.ItemStack/]: Failed to apply component patch '{minecraft:potion_contents=>PotionContents[potion=Optional[Reference{ResourceKey[minecraft:potion / minecraft:long_regeneration]=net.minecraft.world.item.alchemy.Potion@40783895}], customColor=Optional.empty, customEffects=[]]}' to item: 'Item stack with stack size of 2 was larger than maximum: 1'
[21Feb2026 16:07:25.340] [Worker-Main-3/ERROR] [net.minecraft.world.item.ItemStack/]: Failed to apply component patch '{minecraft:potion_contents=>PotionContents[potion=Optional[Reference{ResourceKey[minecraft:potion / minecraft:strong_healing]=net.minecraft.world.item.alchemy.Potion@57490104}], customColor=Optional.empty, customEffects=[]]}' to item: 'Item stack with stack size of 2 was larger than maximum: 1'
[21Feb2026 16:07:25.349] [Worker-Main-3/ERROR] [net.minecraft.world.item.ItemStack/]: Failed to apply component patch '{minecraft:potion_contents=>PotionContents[potion=Optional[Reference{ResourceKey[minecraft:potion / minecraft:strong_healing]=net.minecraft.world.item.alchemy.Potion@57490104}], customColor=Optional.empty, customEffects=[]]}' to item: 'Item stack with stack size of 2 was larger than maximum: 1'
[21Feb2026 16:07:25.353] [Worker-Main-3/ERROR] [net.minecraft.world.item.ItemStack/]: Failed to apply component patch '{minecraft:potion_contents=>PotionContents[potion=Optional[Reference{ResourceKey[minecraft:potion / minecraft:strong_healing]=net.minecraft.world.item.alchemy.Potion@57490104}], customColor=Optional.empty, customEffects=[]]}' to item: 'Item stack with stack size of 2 was larger than maximum: 1'
[21Feb2026 16:07:25.369] [Worker-Main-3/INFO] [emi_loot/]: finished parsing loot tables in 227
[21Feb2026 16:07:25.434] [Worker-Main-3/WARN] [net.minecraft.server.ReloadableServerRegistries/]: Found loot table element validation problem in {minecraft:loot_table:repurposed_structures:chests/outposts/giant_tree_taiga}.pools[7].entries[0]: Unknown loot table called supplementaries:inject/pillager_quiver
[21Feb2026 16:07:25.434] [Worker-Main-3/WARN] [net.minecraft.server.ReloadableServerRegistries/]: Found loot table element validation problem in {minecraft:loot_table:repurposed_structures:chests/outposts/warped}.pools[4].entries[0]: Unknown loot table called supplementaries:inject/pillager_quiver
[21Feb2026 16:07:25.434] [Worker-Main-3/WARN] [net.minecraft.server.ReloadableServerRegistries/]: Found loot table element validation problem in {minecraft:loot_table:repurposed_structures:chests/outposts/ocean}.pools[7].entries[0]: Unknown loot table called supplementaries:inject/pillager_quiver
[21Feb2026 16:07:25.434] [Worker-Main-3/WARN] [net.minecraft.server.ReloadableServerRegistries/]: Found loot table element validation problem in {minecraft:loot_table:dungeons_arise:chests/illager_campsite/illager_campsite_map}.pools[7].entries[0]->{minecraft:chests/pillager_outpost}.pools[6].entries[0]: Unknown loot table called supplementaries:inject/pillager_quiver
[21Feb2026 16:07:25.434] [Worker-Main-3/WARN] [net.minecraft.server.ReloadableServerRegistries/]: Found loot table element validation problem in {minecraft:loot_table:repurposed_structures:chests/outposts/jungle}.pools[7].entries[0]: Unknown loot table called supplementaries:inject/pillager_quiver
[21Feb2026 16:07:25.434] [Worker-Main-3/WARN] [net.minecraft.server.ReloadableServerRegistries/]: Found loot table element validation problem in {minecraft:loot_table:repurposed_structures:chests/outposts/mangrove}.pools[7].entries[0]: Unknown loot table called supplementaries:inject/pillager_quiver
[21Feb2026 16:07:25.435] [Worker-Main-3/WARN] [net.minecraft.server.ReloadableServerRegistries/]: Found loot table element validation problem in {minecraft:loot_table:repurposed_structures:chests/outposts/desert}.pools[7].entries[0]: Unknown loot table called supplementaries:inject/pillager_quiver
[21Feb2026 16:07:25.435] [Worker-Main-3/WARN] [net.minecraft.server.ReloadableServerRegistries/]: Found loot table element validation problem in {minecraft:loot_table:repurposed_structures:chests/outposts/soul}.pools[4].entries[0]: Unknown loot table called supplementaries:inject/pillager_quiver
[21Feb2026 16:07:25.435] [Worker-Main-3/WARN] [net.minecraft.server.ReloadableServerRegistries/]: Found loot table element validation problem in {minecraft:loot_table:minecraft:chests/pillager_outpost}.pools[6].entries[0]: Unknown loot table called supplementaries:inject/pillager_quiver
[21Feb2026 16:07:25.435] [Worker-Main-3/WARN] [net.minecraft.server.ReloadableServerRegistries/]: Found loot table element validation problem in {minecraft:loot_table:repurposed_structures:chests/outposts/badlands}.pools[7].entries[0]: Unknown loot table called supplementaries:inject/pillager_quiver
[21Feb2026 16:07:25.435] [Worker-Main-3/WARN] [net.minecraft.server.ReloadableServerRegistries/]: Found loot table element validation problem in {minecraft:loot_table:dungeons_arise:chests/illager_campsite/illager_campsite_tent}.pools[5].entries[0]->{minecraft:chests/pillager_outpost}.pools[6].entries[0]: Unknown loot table called supplementaries:inject/pillager_quiver
[21Feb2026 16:07:25.435] [Worker-Main-3/WARN] [net.minecraft.server.ReloadableServerRegistries/]: Found loot table element validation problem in {minecraft:loot_table:repurposed_structures:chests/outposts/savanna}.pools[7].entries[0]: Unknown loot table called supplementaries:inject/pillager_quiver
[21Feb2026 16:07:25.435] [Worker-Main-3/WARN] [net.minecraft.server.ReloadableServerRegistries/]: Found loot table element validation problem in {minecraft:loot_table:repurposed_structures:chests/outposts/taiga}.pools[7].entries[0]: Unknown loot table called supplementaries:inject/pillager_quiver
[21Feb2026 16:07:25.435] [Worker-Main-3/WARN] [net.minecraft.server.ReloadableServerRegistries/]: Found loot table element validation problem in {minecraft:loot_table:supplementaries:loot/galleon/safe}.pools[0].entries[3]: Unreachable entry!
[21Feb2026 16:07:25.435] [Worker-Main-3/WARN] [net.minecraft.server.ReloadableServerRegistries/]: Found loot table element validation problem in {minecraft:loot_table:repurposed_structures:chests/outposts/icy}.pools[7].entries[0]: Unknown loot table called supplementaries:inject/pillager_quiver
[21Feb2026 16:07:25.435] [Worker-Main-3/WARN] [net.minecraft.server.ReloadableServerRegistries/]: Found loot table element validation problem in {minecraft:loot_table:repurposed_structures:chests/outposts/crimson}.pools[4].entries[0]: Unknown loot table called supplementaries:inject/pillager_quiver
[21Feb2026 16:07:25.435] [Worker-Main-3/WARN] [net.minecraft.server.ReloadableServerRegistries/]: Found loot table element validation problem in {minecraft:loot_table:repurposed_structures:chests/outposts/oak}.pools[8].entries[0]: Unknown loot table called supplementaries:inject/pillager_quiver
[21Feb2026 16:07:25.435] [Worker-Main-3/WARN] [net.minecraft.server.ReloadableServerRegistries/]: Found loot table element validation problem in {minecraft:loot_table:repurposed_structures:chests/outposts/nether_brick}.pools[4].entries[0]: Unknown loot table called supplementaries:inject/pillager_quiver
[21Feb2026 16:07:25.435] [Worker-Main-3/WARN] [net.minecraft.server.ReloadableServerRegistries/]: Found loot table element validation problem in {minecraft:loot_table:repurposed_structures:chests/outposts/birch}.pools[7].entries[0]: Unknown loot table called supplementaries:inject/pillager_quiver
[21Feb2026 16:07:25.435] [Worker-Main-3/WARN] [net.minecraft.server.ReloadableServerRegistries/]: Found loot table element validation problem in {minecraft:loot_table:repurposed_structures:chests/outposts/snowy}.pools[7].entries[0]: Unknown loot table called supplementaries:inject/pillager_quiver
[21Feb2026 16:07:25.435] [Worker-Main-3/WARN] [net.minecraft.server.ReloadableServerRegistries/]: Found loot table element validation problem in {minecraft:loot_table:repurposed_structures:chests/outposts/basalt}.pools[4].entries[0]: Unknown loot table called supplementaries:inject/pillager_quiver
[21Feb2026 16:07:25.435] [Worker-Main-3/WARN] [net.minecraft.server.ReloadableServerRegistries/]: Found loot table element validation problem in {minecraft:loot_table:supplementaries:loot/galleon/safe}.pools[2].entries[1]: Unreachable entry!
[21Feb2026 16:07:25.865] [Worker-Main-3/INFO] [AE2:C/]: Scanning class appeng.server.testplots.AutoCraftingTestPlots for plots
[21Feb2026 16:07:25.867] [Worker-Main-3/INFO] [AE2:C/]: Scanning class appeng.server.testplots.SpawnExtraGridTestTools for plots
[21Feb2026 16:07:25.868] [Worker-Main-3/INFO] [AE2:C/]: Scanning class appeng.server.testplots.PatternProviderPlots for plots
[21Feb2026 16:07:25.868] [Worker-Main-3/INFO] [AE2:C/]: Scanning class appeng.server.testplots.CrystalResonanceGeneratorTestPlots for plots
[21Feb2026 16:07:25.868] [Worker-Main-3/INFO] [AE2:C/]: Scanning class appeng.server.testplots.InterfaceTestPlots for plots
[21Feb2026 16:07:25.868] [Worker-Main-3/INFO] [AE2:C/]: Scanning class appeng.server.testplots.PatternProviderLockModePlots for plots
[21Feb2026 16:07:25.868] [Worker-Main-3/INFO] [AE2:C/]: Scanning class appeng.server.testplots.ItemP2PTestPlots for plots
[21Feb2026 16:07:25.868] [Worker-Main-3/INFO] [AE2:C/]: Scanning class appeng.server.testplots.InvalidPatternTestPlot for plots
[21Feb2026 16:07:25.868] [Worker-Main-3/INFO] [AE2:C/]: Scanning class appeng.server.testplots.MemoryCardTestPlots for plots
[21Feb2026 16:07:25.868] [Worker-Main-3/INFO] [AE2:C/]: Scanning class appeng.server.testplots.AnnihilationPlaneTests for plots
[21Feb2026 16:07:25.868] [Worker-Main-3/INFO] [AE2:C/]: Scanning class appeng.server.testplots.InscriberTestPlots for plots
[21Feb2026 16:07:25.877] [Worker-Main-3/INFO] [AE2:C/]: Scanning class appeng.server.testplots.GuidebookPlot for plots
[21Feb2026 16:07:25.878] [Worker-Main-3/INFO] [AE2:C/]: Scanning class appeng.server.testplots.SubnetPlots for plots
[21Feb2026 16:07:25.878] [Worker-Main-3/INFO] [AE2:C/]: Scanning class appeng.server.testplots.P2PTestPlots for plots
[21Feb2026 16:07:25.878] [Worker-Main-3/INFO] [AE2:C/]: Scanning class appeng.server.testplots.QnbTestPlots for plots
[21Feb2026 16:07:25.878] [Worker-Main-3/INFO] [AE2:C/]: Scanning class appeng.server.testplots.ExternalEnergyTestPlots for plots
[21Feb2026 16:07:25.878] [Worker-Main-3/INFO] [AE2:C/]: Scanning class appeng.server.testplots.ChannelTests for plots
[21Feb2026 16:07:25.878] [Worker-Main-3/INFO] [AE2:C/]: Scanning class appeng.server.testplots.TestPlots for plots
[21Feb2026 16:07:25.879] [Worker-Main-3/INFO] [AE2:C/]: Scanning class appeng.server.testplots.SpatialTestPlots for plots
[21Feb2026 16:07:26.050] [Worker-Main-2/ERROR] [net.minecraft.tags.TagLoader/]: Couldn't load tag additionalstructures:has_structure/skeleton_skull as it is missing following references: 
	minecraft:pale_garden (from mod/additionalstructures)
[21Feb2026 16:07:26.199] [Worker-Main-1/ERROR] [net.minecraft.tags.TagLoader/]: Couldn't load tag relics:relic as it is missing following references: 
	relics:midnight_robe (from mod/relics)
	relics:elytra_booster (from mod/relics)
	relics:drowned_belt (from mod/relics)
	relics:hunter_belt (from mod/relics)
	relics:leather_belt (from mod/relics)
	relics:spore_sack (from mod/relics)
	relics:shadow_glaive (from mod/relics)
	relics:magma_walker (from mod/relics)
	relics:aqua_walker (from mod/relics)
	relics:ice_skates (from mod/relics)
	relics:ice_breaker (from mod/relics)
	relics:roller_skates (from mod/relics)
	relics:amphibian_boot (from mod/relics)
	relics:phantom_boot (from mod/relics)
	relics:rage_glove (from mod/relics)
	relics:enders_hand (from mod/relics)
	relics:wool_mitten (from mod/relics)
	relics:reflection_necklace (from mod/relics)
	relics:holy_locket (from mod/relics)
	relics:chorus_inhibitor (from mod/relics)
	relics:bastion_ring (from mod/relics)
	relics:infinity_ham (from mod/relics)
	relics:magic_mirror (from mod/relics)
	relics:space_dissector (from mod/relics)
[21Feb2026 16:07:26.208] [Worker-Main-1/ERROR] [net.minecraft.tags.TagLoader/]: Couldn't load tag werewolves:werewolf_food as it is missing following references: 
	relics:infinity_ham (from mod/relics)
[21Feb2026 16:07:27.101] [main/WARN] [net.minecraft.core.MappedRegistry/]: Not all defined tags for registry ResourceKey[minecraft:root / minecraft:block] are present in data pack: cataclysm:needs_black_steel_tool, cataclysm:needs_monstrosity_tool
[21Feb2026 16:07:27.123] [main/ERROR] [KubeJS/]: Couldn't load tag relics:relic as it is missing following references: 
	relics:midnight_robe (from mod/relics)
	relics:elytra_booster (from mod/relics)
	relics:drowned_belt (from mod/relics)
	relics:hunter_belt (from mod/relics)
	relics:leather_belt (from mod/relics)
	relics:spore_sack (from mod/relics)
	relics:shadow_glaive (from mod/relics)
	relics:magma_walker (from mod/relics)
	relics:aqua_walker (from mod/relics)
	relics:ice_skates (from mod/relics)
	relics:ice_breaker (from mod/relics)
	relics:roller_skates (from mod/relics)
	relics:amphibian_boot (from mod/relics)
	relics:phantom_boot (from mod/relics)
	relics:rage_glove (from mod/relics)
	relics:enders_hand (from mod/relics)
	relics:wool_mitten (from mod/relics)
	relics:reflection_necklace (from mod/relics)
	relics:holy_locket (from mod/relics)
	relics:chorus_inhibitor (from mod/relics)
	relics:bastion_ring (from mod/relics)
	relics:infinity_ham (from mod/relics)
	relics:magic_mirror (from mod/relics)
	relics:space_dissector (from mod/relics)
[21Feb2026 16:07:27.130] [main/ERROR] [KubeJS/]: Couldn't load tag werewolves:werewolf_food as it is missing following references: 
	relics:infinity_ham (from mod/relics)
[21Feb2026 16:07:27.151] [main/ERROR] [KubeJS/]: Couldn't load tag additionalstructures:has_structure/skeleton_skull as it is missing following references: 
	minecraft:pale_garden (from mod/additionalstructures)
[21Feb2026 16:07:27.154] [main/WARN] [net.minecraft.core.MappedRegistry/]: Not all defined tags for registry ResourceKey[minecraft:root / minecraft:worldgen/biome] are present in data pack: additionalstructures:has_structure/skeleton_skull
[21Feb2026 16:07:27.271] [main/INFO] [KubeJS Server/]: Processing recipes...
[21Feb2026 16:07:27.279] [main/INFO] [KubeJS Server/]: Initializing recipe event...
[21Feb2026 16:07:27.373] [main/WARN] [KubeJS Server/]: KubeRecipe.java#89: Failed to parse recipe 'deeperdarker:resonarium_hoe_smithing[minecraft:smithing_transform]'! Falling back to vanilla: Failed to read required component 'template: ingredient' - java.lang.IllegalStateException: Failed to parse either. First: Item array cannot be empty, at least one item must be defined; Second: Not a JSON object: []
[21Feb2026 16:07:27.472] [main/WARN] [KubeJS Server/]: KubeRecipe.java#89: Failed to parse recipe 'deeperdarker:resonarium_sword_smithing[minecraft:smithing_transform]'! Falling back to vanilla: Failed to read required component 'template: ingredient' - java.lang.IllegalStateException: Failed to parse either. First: Item array cannot be empty, at least one item must be defined; Second: Not a JSON object: []
[21Feb2026 16:07:27.479] [main/WARN] [KubeJS Server/]: KubeRecipe.java#89: Failed to parse recipe 'deeperdarker:resonarium_helmet_smithing[minecraft:smithing_transform]'! Falling back to vanilla: Failed to read required component 'template: ingredient' - java.lang.IllegalStateException: Failed to parse either. First: Item array cannot be empty, at least one item must be defined; Second: Not a JSON object: []
[21Feb2026 16:07:27.518] [main/WARN] [KubeJS Server/]: KubeRecipe.java#89: Failed to parse recipe 'nayutilities:syringe[minecraft:crafting_shaped]'! Falling back to vanilla: Failed to read required component 'result: item_stack' - java.lang.IllegalStateException: No key id in MapLike[{"count":1,"item":"nayutilities:syringe"}]
[21Feb2026 16:07:27.526] [main/WARN] [KubeJS Server/]: RecipeComponentValue.java#102: Failed to parse recipe 'bellsandwhistles:metro/metro_window[minecraft:crafting_shapeless]' @ [ingredients][1]! Falling back to vanilla: Invalid component ingredients: ingredient[] - Component 'ingredient' is not allowed to be empty!
[21Feb2026 16:07:27.541] [main/WARN] [KubeJS Server/]: RecipeComponentValue.java#102: Failed to parse recipe 'createfood:minecraft/crafting/compat/displaydelight/bowl_cheesecake_from_crafting[minecraft:crafting_shapeless]' @ [ingredients][0]! Falling back to vanilla: Invalid component ingredients: ingredient[] - Component 'ingredient' is not allowed to be empty!
[21Feb2026 16:07:27.661] [main/WARN] [KubeJS Server/]: KubeRecipe.java#89: Failed to parse recipe 'deeperdarker:resonarium_pickaxe_smithing[minecraft:smithing_transform]'! Falling back to vanilla: Failed to read required component 'template: ingredient' - java.lang.IllegalStateException: Failed to parse either. First: Item array cannot be empty, at least one item must be defined; Second: Not a JSON object: []
[21Feb2026 16:07:27.684] [main/WARN] [KubeJS Server/]: KubeRecipe.java#89: Failed to parse recipe 'deeperdarker:resonarium_leggings_smithing[minecraft:smithing_transform]'! Falling back to vanilla: Failed to read required component 'template: ingredient' - java.lang.IllegalStateException: Failed to parse either. First: Item array cannot be empty, at least one item must be defined; Second: Not a JSON object: []
[21Feb2026 16:07:27.756] [main/WARN] [KubeJS Server/]: KubeRecipe.java#89: Failed to parse recipe 'deeperdarker:resonarium_chestplate_smithing[minecraft:smithing_transform]'! Falling back to vanilla: Failed to read required component 'template: ingredient' - java.lang.IllegalStateException: Failed to parse either. First: Item array cannot be empty, at least one item must be defined; Second: Not a JSON object: []
[21Feb2026 16:07:27.761] [main/WARN] [KubeJS Server/]: KubeRecipe.java#89: Failed to parse recipe 'deeperdarker:resonarium_shovel_smithing[minecraft:smithing_transform]'! Falling back to vanilla: Failed to read required component 'template: ingredient' - java.lang.IllegalStateException: Failed to parse either. First: Item array cannot be empty, at least one item must be defined; Second: Not a JSON object: []
[21Feb2026 16:07:27.763] [main/WARN] [KubeJS Server/]: KubeRecipe.java#89: Failed to parse recipe 'deeperdarker:resonarium_axe_smithing[minecraft:smithing_transform]'! Falling back to vanilla: Failed to read required component 'template: ingredient' - java.lang.IllegalStateException: Failed to parse either. First: Item array cannot be empty, at least one item must be defined; Second: Not a JSON object: []
[21Feb2026 16:07:27.819] [main/WARN] [KubeJS Server/]: KubeRecipe.java#89: Failed to parse recipe 'deeperdarker:resonarium_boots_smithing[minecraft:smithing_transform]'! Falling back to vanilla: Failed to read required component 'template: ingredient' - java.lang.IllegalStateException: Failed to parse either. First: Item array cannot be empty, at least one item must be defined; Second: Not a JSON object: []
[21Feb2026 16:07:27.867] [main/INFO] [KubeJS Server/]: Found 12,747 recipes (skipped 1,981) in 584.1 ms
[21Feb2026 16:07:27.892] [main/ERROR] [net.minecraft.world.item.crafting.RecipeManager/]: Error parsing recipe create:crushing/sculk_stone_diamond_ore: Failed to parse either. First: No key amount in MapLike[{"chance":0.125,"item":"deeperdarker:cobbled_sculk_stone"}]; No key id in MapLike[{"chance":0.125,"item":"deeperdarker:cobbled_sculk_stone"}]; Second: Failed to parse either. First: No key id in MapLike[{"chance":0.125,"item":"deeperdarker:cobbled_sculk_stone"}]; Second: Failed to parse either. First: Not a JSON object: "deeperdarker:cobbled_sculk_stone"; Second: Compat cannot be deserialized; Failed to parse either. First: No key amount in MapLike[{"item":"create:experience_nugget"}]; No key id in MapLike[{"item":"create:experience_nugget"}]; Second: Failed to parse either. First: No key id in MapLike[{"item":"create:experience_nugget"}]; Second: Failed to parse either. First: Not a JSON object: "create:experience_nugget"; Second: Compat cannot be deserialized; Failed to parse either. First: No key amount in MapLike[{"chance":0.25,"item":"minecraft:diamond"}]; No key id in MapLike[{"chance":0.25,"item":"minecraft:diamond"}]; Second: Failed to parse either. First: No key id in MapLike[{"chance":0.25,"item":"minecraft:diamond"}]; Second: Failed to parse either. First: Not a JSON object: "minecraft:diamond"; Second: Compat cannot be deserialized; Failed to parse either. First: No key amount in MapLike[{"count":3,"item":"minecraft:diamond"}]; No key id in MapLike[{"count":3,"item":"minecraft:diamond"}]; Second: Failed to parse either. First: No key id in MapLike[{"count":3,"item":"minecraft:diamond"}]; Second: Failed to parse either. First: Not a JSON object: "minecraft:diamond"; Second: Compat cannot be deserialized
[21Feb2026 16:07:27.929] [main/ERROR] [net.minecraft.world.item.crafting.RecipeManager/]: Error parsing recipe farmersdelight:cutting/echo_door: Not a JSON object: "deeperdarker:echo_planks"; Failed to parse either. First: Not a json array: {"type":"farmersdelight:tool_action","action":"axe_dig"}; Second: Unknown registry key in ResourceKey[minecraft:root / neoforge:ingredient_serializer]: farmersdelight:tool_action
[21Feb2026 16:07:27.935] [main/ERROR] [net.minecraft.world.item.crafting.RecipeManager/]: Error parsing recipe create:crushing/gloomslate_coal_ore: Failed to parse either. First: No key amount in MapLike[{"chance":0.125,"item":"deeperdarker:cobbled_gloomslate"}]; No key id in MapLike[{"chance":0.125,"item":"deeperdarker:cobbled_gloomslate"}]; Second: Failed to parse either. First: No key id in MapLike[{"chance":0.125,"item":"deeperdarker:cobbled_gloomslate"}]; Second: Failed to parse either. First: Not a JSON object: "deeperdarker:cobbled_gloomslate"; Second: Compat cannot be deserialized; Failed to parse either. First: No key amount in MapLike[{"item":"create:experience_nugget"}]; No key id in MapLike[{"item":"create:experience_nugget"}]; Second: Failed to parse either. First: No key id in MapLike[{"item":"create:experience_nugget"}]; Second: Failed to parse either. First: Not a JSON object: "create:experience_nugget"; Second: Compat cannot be deserialized; Failed to parse either. First: No key amount in MapLike[{"chance":0.75,"item":"minecraft:coal"}]; No key id in MapLike[{"chance":0.75,"item":"minecraft:coal"}]; Second: Failed to parse either. First: No key id in MapLike[{"chance":0.75,"item":"minecraft:coal"}]; Second: Failed to parse either. First: Not a JSON object: "minecraft:coal"; Second: Compat cannot be deserialized; Failed to parse either. First: No key amount in MapLike[{"item":"minecraft:coal","count":2}]; No key id in MapLike[{"item":"minecraft:coal","count":2}]; Second: Failed to parse either. First: No key id in MapLike[{"item":"minecraft:coal","count":2}]; Second: Failed to parse either. First: Not a JSON object: "minecraft:coal"; Second: Compat cannot be deserialized
[21Feb2026 16:07:27.941] [main/ERROR] [net.minecraft.world.item.crafting.RecipeManager/]: Error parsing recipe create:cutting/echo_log: Failed to parse either. First: No key amount in MapLike[{"item":"deeperdarker:stripped_echo_log"}]; No key id in MapLike[{"item":"deeperdarker:stripped_echo_log"}]; Second: Failed to parse either. First: No key id in MapLike[{"item":"deeperdarker:stripped_echo_log"}]; Second: Failed to parse either. First: Not a JSON object: "deeperdarker:stripped_echo_log"; Second: Compat cannot be deserialized
[21Feb2026 16:07:27.984] [main/ERROR] [net.minecraft.world.item.crafting.RecipeManager/]: Error parsing recipe nayutilities:syringe: No key id in MapLike[{"count":1,"item":"nayutilities:syringe"}]
[21Feb2026 16:07:27.989] [main/ERROR] [net.minecraft.world.item.crafting.RecipeManager/]: Error parsing recipe create:crushing/sculk_stone_lapis_ore: Failed to parse either. First: No key amount in MapLike[{"chance":0.125,"item":"deeperdarker:cobbled_sculk_stone"}]; No key id in MapLike[{"chance":0.125,"item":"deeperdarker:cobbled_sculk_stone"}]; Second: Failed to parse either. First: No key id in MapLike[{"chance":0.125,"item":"deeperdarker:cobbled_sculk_stone"}]; Second: Failed to parse either. First: Not a JSON object: "deeperdarker:cobbled_sculk_stone"; Second: Compat cannot be deserialized; Failed to parse either. First: No key amount in MapLike[{"item":"create:experience_nugget"}]; No key id in MapLike[{"item":"create:experience_nugget"}]; Second: Failed to parse either. First: No key id in MapLike[{"item":"create:experience_nugget"}]; Second: Failed to parse either. First: Not a JSON object: "create:experience_nugget"; Second: Compat cannot be deserialized; Failed to parse either. First: No key amount in MapLike[{"chance":0.5,"item":"minecraft:lapis_lazuli"}]; No key id in MapLike[{"chance":0.5,"item":"minecraft:lapis_lazuli"}]; Second: Failed to parse either. First: No key id in MapLike[{"chance":0.5,"item":"minecraft:lapis_lazuli"}]; Second: Failed to parse either. First: Not a JSON object: "minecraft:lapis_lazuli"; Second: Compat cannot be deserialized; Failed to parse either. First: No key amount in MapLike[{"count":15,"item":"minecraft:lapis_lazuli"}]; No key id in MapLike[{"count":15,"item":"minecraft:lapis_lazuli"}]; Second: Failed to parse either. First: No key id in MapLike[{"count":15,"item":"minecraft:lapis_lazuli"}]; Second: Failed to parse either. First: Not a JSON object: "minecraft:lapis_lazuli"; Second: Compat cannot be deserialized
[21Feb2026 16:07:28.001] [main/ERROR] [net.minecraft.world.item.crafting.RecipeManager/]: Error parsing recipe create:cutting/echo_wood: Failed to parse either. First: No key amount in MapLike[{"item":"deeperdarker:stripped_echo_wood"}]; No key id in MapLike[{"item":"deeperdarker:stripped_echo_wood"}]; Second: Failed to parse either. First: No key id in MapLike[{"item":"deeperdarker:stripped_echo_wood"}]; Second: Failed to parse either. First: Not a JSON object: "deeperdarker:stripped_echo_wood"; Second: Compat cannot be deserialized
[21Feb2026 16:07:28.008] [main/ERROR] [net.minecraft.world.item.crafting.RecipeManager/]: Error parsing recipe farmersdelight:cutting/echo_wood: Not a JSON object: "minecraft:item.axe.strip"; Not a JSON object: "farmersdelight:tree_bark"; Not a JSON object: "deeperdarker:stripped_echo_wood"; Failed to parse either. First: Not a json array: {"type":"farmersdelight:tool_action","action":"axe_strip"}; Second: Unknown registry key in ResourceKey[minecraft:root / neoforge:ingredient_serializer]: farmersdelight:tool_action
[21Feb2026 16:07:28.012] [main/ERROR] [net.minecraft.world.item.crafting.RecipeManager/]: Error parsing recipe farmersdelight:cutting/echo_trapdoor: Not a JSON object: "deeperdarker:echo_planks"; Failed to parse either. First: Not a json array: {"type":"farmersdelight:tool_action","action":"axe_dig"}; Second: Unknown registry key in ResourceKey[minecraft:root / neoforge:ingredient_serializer]: farmersdelight:tool_action
[21Feb2026 16:07:28.013] [main/ERROR] [net.minecraft.world.item.crafting.RecipeManager/]: Error parsing recipe create:crushing/sculk_stone_copper_ore: Failed to parse either. First: No key amount in MapLike[{"chance":0.125,"item":"deeperdarker:cobbled_sculk_stone"}]; No key id in MapLike[{"chance":0.125,"item":"deeperdarker:cobbled_sculk_stone"}]; Second: Failed to parse either. First: No key id in MapLike[{"chance":0.125,"item":"deeperdarker:cobbled_sculk_stone"}]; Second: Failed to parse either. First: Not a JSON object: "deeperdarker:cobbled_sculk_stone"; Second: Compat cannot be deserialized; Failed to parse either. First: No key amount in MapLike[{"item":"create:experience_nugget"}]; No key id in MapLike[{"item":"create:experience_nugget"}]; Second: Failed to parse either. First: No key id in MapLike[{"item":"create:experience_nugget"}]; Second: Failed to parse either. First: Not a JSON object: "create:experience_nugget"; Second: Compat cannot be deserialized; Failed to parse either. First: No key amount in MapLike[{"chance":0.75,"item":"create:crushed_raw_copper"}]; No key id in MapLike[{"chance":0.75,"item":"create:crushed_raw_copper"}]; Second: Failed to parse either. First: No key id in MapLike[{"chance":0.75,"item":"create:crushed_raw_copper"}]; Second: Failed to parse either. First: Not a JSON object: "create:crushed_raw_copper"; Second: Compat cannot be deserialized; Failed to parse either. First: No key amount in MapLike[{"count":10,"item":"create:crushed_raw_copper"}]; No key id in MapLike[{"count":10,"item":"create:crushed_raw_copper"}]; Second: Failed to parse either. First: No key id in MapLike[{"count":10,"item":"create:crushed_raw_copper"}]; Second: Failed to parse either. First: Not a JSON object: "create:crushed_raw_copper"; Second: Compat cannot be deserialized
[21Feb2026 16:07:28.024] [main/ERROR] [net.minecraft.world.item.crafting.RecipeManager/]: Error parsing recipe create:crushing/gloomslate_copper_ore: Failed to parse either. First: No key amount in MapLike[{"chance":0.125,"item":"deeperdarker:cobbled_gloomslate"}]; No key id in MapLike[{"chance":0.125,"item":"deeperdarker:cobbled_gloomslate"}]; Second: Failed to parse either. First: No key id in MapLike[{"chance":0.125,"item":"deeperdarker:cobbled_gloomslate"}]; Second: Failed to parse either. First: Not a JSON object: "deeperdarker:cobbled_gloomslate"; Second: Compat cannot be deserialized; Failed to parse either. First: No key amount in MapLike[{"item":"create:experience_nugget"}]; No key id in MapLike[{"item":"create:experience_nugget"}]; Second: Failed to parse either. First: No key id in MapLike[{"item":"create:experience_nugget"}]; Second: Failed to parse either. First: Not a JSON object: "create:experience_nugget"; Second: Compat cannot be deserialized; Failed to parse either. First: No key amount in MapLike[{"chance":0.75,"item":"create:crushed_raw_copper"}]; No key id in MapLike[{"chance":0.75,"item":"create:crushed_raw_copper"}]; Second: Failed to parse either. First: No key id in MapLike[{"chance":0.75,"item":"create:crushed_raw_copper"}]; Second: Failed to parse either. First: Not a JSON object: "create:crushed_raw_copper"; Second: Compat cannot be deserialized; Failed to parse either. First: No key amount in MapLike[{"count":10,"item":"create:crushed_raw_copper"}]; No key id in MapLike[{"count":10,"item":"create:crushed_raw_copper"}]; Second: Failed to parse either. First: No key id in MapLike[{"count":10,"item":"create:crushed_raw_copper"}]; Second: Failed to parse either. First: Not a JSON object: "create:crushed_raw_copper"; Second: Compat cannot be deserialized
[21Feb2026 16:07:28.034] [main/ERROR] [net.minecraft.world.item.crafting.RecipeManager/]: Error parsing recipe create:crushing/sculk_stone_redstone_ore: Failed to parse either. First: No key amount in MapLike[{"chance":0.125,"item":"deeperdarker:cobbled_sculk_stone"}]; No key id in MapLike[{"chance":0.125,"item":"deeperdarker:cobbled_sculk_stone"}]; Second: Failed to parse either. First: No key id in MapLike[{"chance":0.125,"item":"deeperdarker:cobbled_sculk_stone"}]; Second: Failed to parse either. First: Not a JSON object: "deeperdarker:cobbled_sculk_stone"; Second: Compat cannot be deserialized; Failed to parse either. First: No key amount in MapLike[{"item":"create:experience_nugget"}]; No key id in MapLike[{"item":"create:experience_nugget"}]; Second: Failed to parse either. First: No key id in MapLike[{"item":"create:experience_nugget"}]; Second: Failed to parse either. First: Not a JSON object: "create:experience_nugget"; Second: Compat cannot be deserialized; Failed to parse either. First: No key amount in MapLike[{"chance":0.5,"item":"minecraft:redstone"}]; No key id in MapLike[{"chance":0.5,"item":"minecraft:redstone"}]; Second: Failed to parse either. First: No key id in MapLike[{"chance":0.5,"item":"minecraft:redstone"}]; Second: Failed to parse either. First: Not a JSON object: "minecraft:redstone"; Second: Compat cannot be deserialized; Failed to parse either. First: No key amount in MapLike[{"count":12,"item":"minecraft:redstone"}]; No key id in MapLike[{"count":12,"item":"minecraft:redstone"}]; Second: Failed to parse either. First: No key id in MapLike[{"count":12,"item":"minecraft:redstone"}]; Second: Failed to parse either. First: Not a JSON object: "minecraft:redstone"; Second: Compat cannot be deserialized
[21Feb2026 16:07:28.041] [main/ERROR] [net.minecraft.world.item.crafting.RecipeManager/]: Error parsing recipe create:crushing/gloomslate_lapis_ore: Failed to parse either. First: No key amount in MapLike[{"chance":0.125,"item":"deeperdarker:cobbled_gloomslate"}]; No key id in MapLike[{"chance":0.125,"item":"deeperdarker:cobbled_gloomslate"}]; Second: Failed to parse either. First: No key id in MapLike[{"chance":0.125,"item":"deeperdarker:cobbled_gloomslate"}]; Second: Failed to parse either. First: Not a JSON object: "deeperdarker:cobbled_gloomslate"; Second: Compat cannot be deserialized; Failed to parse either. First: No key amount in MapLike[{"item":"create:experience_nugget"}]; No key id in MapLike[{"item":"create:experience_nugget"}]; Second: Failed to parse either. First: No key id in MapLike[{"item":"create:experience_nugget"}]; Second: Failed to parse either. First: Not a JSON object: "create:experience_nugget"; Second: Compat cannot be deserialized; Failed to parse either. First: No key amount in MapLike[{"chance":0.5,"item":"minecraft:lapis_lazuli"}]; No key id in MapLike[{"chance":0.5,"item":"minecraft:lapis_lazuli"}]; Second: Failed to parse either. First: No key id in MapLike[{"chance":0.5,"item":"minecraft:lapis_lazuli"}]; Second: Failed to parse either. First: Not a JSON object: "minecraft:lapis_lazuli"; Second: Compat cannot be deserialized; Failed to parse either. First: No key amount in MapLike[{"count":15,"item":"minecraft:lapis_lazuli"}]; No key id in MapLike[{"count":15,"item":"minecraft:lapis_lazuli"}]; Second: Failed to parse either. First: No key id in MapLike[{"count":15,"item":"minecraft:lapis_lazuli"}]; Second: Failed to parse either. First: Not a JSON object: "minecraft:lapis_lazuli"; Second: Compat cannot be deserialized
[21Feb2026 16:07:28.045] [main/ERROR] [net.minecraft.world.item.crafting.RecipeManager/]: Error parsing recipe create:crushing/sculk_stone_iron_ore: Failed to parse either. First: No key amount in MapLike[{"chance":0.125,"item":"deeperdarker:cobbled_sculk_stone"}]; No key id in MapLike[{"chance":0.125,"item":"deeperdarker:cobbled_sculk_stone"}]; Second: Failed to parse either. First: No key id in MapLike[{"chance":0.125,"item":"deeperdarker:cobbled_sculk_stone"}]; Second: Failed to parse either. First: Not a JSON object: "deeperdarker:cobbled_sculk_stone"; Second: Compat cannot be deserialized; Failed to parse either. First: No key amount in MapLike[{"item":"create:experience_nugget"}]; No key id in MapLike[{"item":"create:experience_nugget"}]; Second: Failed to parse either. First: No key id in MapLike[{"item":"create:experience_nugget"}]; Second: Failed to parse either. First: Not a JSON object: "create:experience_nugget"; Second: Compat cannot be deserialized; Failed to parse either. First: No key amount in MapLike[{"chance":0.75,"item":"create:crushed_raw_iron"}]; No key id in MapLike[{"chance":0.75,"item":"create:crushed_raw_iron"}]; Second: Failed to parse either. First: No key id in MapLike[{"chance":0.75,"item":"create:crushed_raw_iron"}]; Second: Failed to parse either. First: Not a JSON object: "create:crushed_raw_iron"; Second: Compat cannot be deserialized; Failed to parse either. First: No key amount in MapLike[{"count":3,"item":"create:crushed_raw_iron"}]; No key id in MapLike[{"count":3,"item":"create:crushed_raw_iron"}]; Second: Failed to parse either. First: No key id in MapLike[{"count":3,"item":"create:crushed_raw_iron"}]; Second: Failed to parse either. First: Not a JSON object: "create:crushed_raw_iron"; Second: Compat cannot be deserialized
[21Feb2026 16:07:28.055] [main/ERROR] [net.minecraft.world.item.crafting.RecipeManager/]: Error parsing recipe farmersdelight:cutting/echo_log: Not a JSON object: "minecraft:item.axe.strip"; Not a JSON object: "farmersdelight:tree_bark"; Not a JSON object: "deeperdarker:stripped_echo_log"; Failed to parse either. First: Not a json array: {"type":"farmersdelight:tool_action","action":"axe_strip"}; Second: Unknown registry key in ResourceKey[minecraft:root / neoforge:ingredient_serializer]: farmersdelight:tool_action
[21Feb2026 16:07:28.058] [main/ERROR] [net.minecraft.world.item.crafting.RecipeManager/]: Error parsing recipe farmersdelight:cutting/echo_sign: Not a JSON object: "deeperdarker:echo_planks"; Failed to parse either. First: Not a json array: {"type":"farmersdelight:tool_action","action":"axe_dig"}; Second: Unknown registry key in ResourceKey[minecraft:root / neoforge:ingredient_serializer]: farmersdelight:tool_action
[21Feb2026 16:07:28.059] [main/ERROR] [net.minecraft.world.item.crafting.RecipeManager/]: Error parsing recipe create:crushing/gloomslate_iron_ore: Failed to parse either. First: No key amount in MapLike[{"chance":0.125,"item":"deeperdarker:cobbled_gloomslate"}]; No key id in MapLike[{"chance":0.125,"item":"deeperdarker:cobbled_gloomslate"}]; Second: Failed to parse either. First: No key id in MapLike[{"chance":0.125,"item":"deeperdarker:cobbled_gloomslate"}]; Second: Failed to parse either. First: Not a JSON object: "deeperdarker:cobbled_gloomslate"; Second: Compat cannot be deserialized; Failed to parse either. First: No key amount in MapLike[{"item":"create:experience_nugget"}]; No key id in MapLike[{"item":"create:experience_nugget"}]; Second: Failed to parse either. First: No key id in MapLike[{"item":"create:experience_nugget"}]; Second: Failed to parse either. First: Not a JSON object: "create:experience_nugget"; Second: Compat cannot be deserialized; Failed to parse either. First: No key amount in MapLike[{"chance":0.75,"item":"create:crushed_raw_iron"}]; No key id in MapLike[{"chance":0.75,"item":"create:crushed_raw_iron"}]; Second: Failed to parse either. First: No key id in MapLike[{"chance":0.75,"item":"create:crushed_raw_iron"}]; Second: Failed to parse either. First: Not a JSON object: "create:crushed_raw_iron"; Second: Compat cannot be deserialized; Failed to parse either. First: No key amount in MapLike[{"count":3,"item":"create:crushed_raw_iron"}]; No key id in MapLike[{"count":3,"item":"create:crushed_raw_iron"}]; Second: Failed to parse either. First: No key id in MapLike[{"count":3,"item":"create:crushed_raw_iron"}]; Second: Failed to parse either. First: Not a JSON object: "create:crushed_raw_iron"; Second: Compat cannot be deserialized
[21Feb2026 16:07:28.077] [main/ERROR] [net.minecraft.world.item.crafting.RecipeManager/]: Error parsing recipe create:cutting/stripped_echo_wood: Failed to parse either. First: No key amount in MapLike[{"count":6,"item":"deeperdarker:echo_planks"}]; No key id in MapLike[{"count":6,"item":"deeperdarker:echo_planks"}]; Second: Failed to parse either. First: No key id in MapLike[{"count":6,"item":"deeperdarker:echo_planks"}]; Second: Failed to parse either. First: Not a JSON object: "deeperdarker:echo_planks"; Second: Compat cannot be deserialized
[21Feb2026 16:07:28.078] [main/ERROR] [net.minecraft.world.item.crafting.RecipeManager/]: Error parsing recipe farmersdelight:cutting/echo_hanging_sign: Not a JSON object: "deeperdarker:echo_planks"; Failed to parse either. First: Not a json array: {"type":"farmersdelight:tool_action","action":"axe_dig"}; Second: Unknown registry key in ResourceKey[minecraft:root / neoforge:ingredient_serializer]: farmersdelight:tool_action
[21Feb2026 16:07:28.082] [main/ERROR] [net.minecraft.world.item.crafting.RecipeManager/]: Error parsing recipe create:crushing/gloomslate_redstone_ore: Failed to parse either. First: No key amount in MapLike[{"chance":0.125,"item":"deeperdarker:cobbled_gloomslate"}]; No key id in MapLike[{"chance":0.125,"item":"deeperdarker:cobbled_gloomslate"}]; Second: Failed to parse either. First: No key id in MapLike[{"chance":0.125,"item":"deeperdarker:cobbled_gloomslate"}]; Second: Failed to parse either. First: Not a JSON object: "deeperdarker:cobbled_gloomslate"; Second: Compat cannot be deserialized; Failed to parse either. First: No key amount in MapLike[{"item":"create:experience_nugget"}]; No key id in MapLike[{"item":"create:experience_nugget"}]; Second: Failed to parse either. First: No key id in MapLike[{"item":"create:experience_nugget"}]; Second: Failed to parse either. First: Not a JSON object: "create:experience_nugget"; Second: Compat cannot be deserialized; Failed to parse either. First: No key amount in MapLike[{"chance":0.5,"item":"minecraft:redstone"}]; No key id in MapLike[{"chance":0.5,"item":"minecraft:redstone"}]; Second: Failed to parse either. First: No key id in MapLike[{"chance":0.5,"item":"minecraft:redstone"}]; Second: Failed to parse either. First: Not a JSON object: "minecraft:redstone"; Second: Compat cannot be deserialized; Failed to parse either. First: No key amount in MapLike[{"count":12,"item":"minecraft:redstone"}]; No key id in MapLike[{"count":12,"item":"minecraft:redstone"}]; Second: Failed to parse either. First: No key id in MapLike[{"count":12,"item":"minecraft:redstone"}]; Second: Failed to parse either. First: Not a JSON object: "minecraft:redstone"; Second: Compat cannot be deserialized
[21Feb2026 16:07:28.084] [main/ERROR] [net.minecraft.world.item.crafting.RecipeManager/]: Error parsing recipe create:crushing/gloomslate_gold_ore: Failed to parse either. First: No key amount in MapLike[{"chance":0.125,"item":"deeperdarker:cobbled_gloomslate"}]; No key id in MapLike[{"chance":0.125,"item":"deeperdarker:cobbled_gloomslate"}]; Second: Failed to parse either. First: No key id in MapLike[{"chance":0.125,"item":"deeperdarker:cobbled_gloomslate"}]; Second: Failed to parse either. First: Not a JSON object: "deeperdarker:cobbled_gloomslate"; Second: Compat cannot be deserialized; Failed to parse either. First: No key amount in MapLike[{"count":2,"item":"create:experience_nugget"}]; No key id in MapLike[{"count":2,"item":"create:experience_nugget"}]; Second: Failed to parse either. First: No key id in MapLike[{"count":2,"item":"create:experience_nugget"}]; Second: Failed to parse either. First: Not a JSON object: "create:experience_nugget"; Second: Compat cannot be deserialized; Failed to parse either. First: No key amount in MapLike[{"chance":0.75,"item":"create:crushed_raw_gold"}]; No key id in MapLike[{"chance":0.75,"item":"create:crushed_raw_gold"}]; Second: Failed to parse either. First: No key id in MapLike[{"chance":0.75,"item":"create:crushed_raw_gold"}]; Second: Failed to parse either. First: Not a JSON object: "create:crushed_raw_gold"; Second: Compat cannot be deserialized; Failed to parse either. First: No key amount in MapLike[{"count":3,"item":"create:crushed_raw_gold"}]; No key id in MapLike[{"count":3,"item":"create:crushed_raw_gold"}]; Second: Failed to parse either. First: No key id in MapLike[{"count":3,"item":"create:crushed_raw_gold"}]; Second: Failed to parse either. First: Not a JSON object: "create:crushed_raw_gold"; Second: Compat cannot be deserialized
[21Feb2026 16:07:28.093] [main/ERROR] [net.minecraft.world.item.crafting.RecipeManager/]: Error parsing recipe create:crushing/sculk_stone_coal_ore: Failed to parse either. First: No key amount in MapLike[{"chance":0.125,"item":"deeperdarker:cobbled_sculk_stone"}]; No key id in MapLike[{"chance":0.125,"item":"deeperdarker:cobbled_sculk_stone"}]; Second: Failed to parse either. First: No key id in MapLike[{"chance":0.125,"item":"deeperdarker:cobbled_sculk_stone"}]; Second: Failed to parse either. First: Not a JSON object: "deeperdarker:cobbled_sculk_stone"; Second: Compat cannot be deserialized; Failed to parse either. First: No key amount in MapLike[{"item":"create:experience_nugget"}]; No key id in MapLike[{"item":"create:experience_nugget"}]; Second: Failed to parse either. First: No key id in MapLike[{"item":"create:experience_nugget"}]; Second: Failed to parse either. First: Not a JSON object: "create:experience_nugget"; Second: Compat cannot be deserialized; Failed to parse either. First: No key amount in MapLike[{"chance":0.75,"item":"minecraft:coal"}]; No key id in MapLike[{"chance":0.75,"item":"minecraft:coal"}]; Second: Failed to parse either. First: No key id in MapLike[{"chance":0.75,"item":"minecraft:coal"}]; Second: Failed to parse either. First: Not a JSON object: "minecraft:coal"; Second: Compat cannot be deserialized; Failed to parse either. First: No key amount in MapLike[{"item":"minecraft:coal","count":2}]; No key id in MapLike[{"item":"minecraft:coal","count":2}]; Second: Failed to parse either. First: No key id in MapLike[{"item":"minecraft:coal","count":2}]; Second: Failed to parse either. First: Not a JSON object: "minecraft:coal"; Second: Compat cannot be deserialized
[21Feb2026 16:07:28.097] [main/ERROR] [net.minecraft.world.item.crafting.RecipeManager/]: Error parsing recipe create:crushing/gloomslate_emerald_ore: Failed to parse either. First: No key amount in MapLike[{"chance":0.125,"item":"deeperdarker:cobbled_gloomslate"}]; No key id in MapLike[{"chance":0.125,"item":"deeperdarker:cobbled_gloomslate"}]; Second: Failed to parse either. First: No key id in MapLike[{"chance":0.125,"item":"deeperdarker:cobbled_gloomslate"}]; Second: Failed to parse either. First: Not a JSON object: "deeperdarker:cobbled_gloomslate"; Second: Compat cannot be deserialized; Failed to parse either. First: No key amount in MapLike[{"item":"create:experience_nugget"}]; No key id in MapLike[{"item":"create:experience_nugget"}]; Second: Failed to parse either. First: No key id in MapLike[{"item":"create:experience_nugget"}]; Second: Failed to parse either. First: Not a JSON object: "create:experience_nugget"; Second: Compat cannot be deserialized; Failed to parse either. First: No key amount in MapLike[{"chance":0.25,"item":"minecraft:emerald"}]; No key id in MapLike[{"chance":0.25,"item":"minecraft:emerald"}]; Second: Failed to parse either. First: No key id in MapLike[{"chance":0.25,"item":"minecraft:emerald"}]; Second: Failed to parse either. First: Not a JSON object: "minecraft:emerald"; Second: Compat cannot be deserialized; Failed to parse either. First: No key amount in MapLike[{"count":3,"item":"minecraft:emerald"}]; No key id in MapLike[{"count":3,"item":"minecraft:emerald"}]; Second: Failed to parse either. First: No key id in MapLike[{"count":3,"item":"minecraft:emerald"}]; Second: Failed to parse either. First: Not a JSON object: "minecraft:emerald"; Second: Compat cannot be deserialized
[21Feb2026 16:07:28.099] [main/ERROR] [net.minecraft.world.item.crafting.RecipeManager/]: Error parsing recipe create:crushing/gloomslate_diamond_ore: Failed to parse either. First: No key amount in MapLike[{"chance":0.125,"item":"deeperdarker:cobbled_gloomslate"}]; No key id in MapLike[{"chance":0.125,"item":"deeperdarker:cobbled_gloomslate"}]; Second: Failed to parse either. First: No key id in MapLike[{"chance":0.125,"item":"deeperdarker:cobbled_gloomslate"}]; Second: Failed to parse either. First: Not a JSON object: "deeperdarker:cobbled_gloomslate"; Second: Compat cannot be deserialized; Failed to parse either. First: No key amount in MapLike[{"item":"create:experience_nugget"}]; No key id in MapLike[{"item":"create:experience_nugget"}]; Second: Failed to parse either. First: No key id in MapLike[{"item":"create:experience_nugget"}]; Second: Failed to parse either. First: Not a JSON object: "create:experience_nugget"; Second: Compat cannot be deserialized; Failed to parse either. First: No key amount in MapLike[{"chance":0.25,"item":"minecraft:diamond"}]; No key id in MapLike[{"chance":0.25,"item":"minecraft:diamond"}]; Second: Failed to parse either. First: No key id in MapLike[{"chance":0.25,"item":"minecraft:diamond"}]; Second: Failed to parse either. First: Not a JSON object: "minecraft:diamond"; Second: Compat cannot be deserialized; Failed to parse either. First: No key amount in MapLike[{"count":3,"item":"minecraft:diamond"}]; No key id in MapLike[{"count":3,"item":"minecraft:diamond"}]; Second: Failed to parse either. First: No key id in MapLike[{"count":3,"item":"minecraft:diamond"}]; Second: Failed to parse either. First: Not a JSON object: "minecraft:diamond"; Second: Compat cannot be deserialized
[21Feb2026 16:07:28.103] [main/ERROR] [net.minecraft.world.item.crafting.RecipeManager/]: Error parsing recipe create:crushing/sculk_stone_emerald_ore: Failed to parse either. First: No key amount in MapLike[{"chance":0.125,"item":"deeperdarker:cobbled_sculk_stone"}]; No key id in MapLike[{"chance":0.125,"item":"deeperdarker:cobbled_sculk_stone"}]; Second: Failed to parse either. First: No key id in MapLike[{"chance":0.125,"item":"deeperdarker:cobbled_sculk_stone"}]; Second: Failed to parse either. First: Not a JSON object: "deeperdarker:cobbled_sculk_stone"; Second: Compat cannot be deserialized; Failed to parse either. First: No key amount in MapLike[{"item":"create:experience_nugget"}]; No key id in MapLike[{"item":"create:experience_nugget"}]; Second: Failed to parse either. First: No key id in MapLike[{"item":"create:experience_nugget"}]; Second: Failed to parse either. First: Not a JSON object: "create:experience_nugget"; Second: Compat cannot be deserialized; Failed to parse either. First: No key amount in MapLike[{"chance":0.25,"item":"minecraft:emerald"}]; No key id in MapLike[{"chance":0.25,"item":"minecraft:emerald"}]; Second: Failed to parse either. First: No key id in MapLike[{"chance":0.25,"item":"minecraft:emerald"}]; Second: Failed to parse either. First: Not a JSON object: "minecraft:emerald"; Second: Compat cannot be deserialized; Failed to parse either. First: No key amount in MapLike[{"count":3,"item":"minecraft:emerald"}]; No key id in MapLike[{"count":3,"item":"minecraft:emerald"}]; Second: Failed to parse either. First: No key id in MapLike[{"count":3,"item":"minecraft:emerald"}]; Second: Failed to parse either. First: Not a JSON object: "minecraft:emerald"; Second: Compat cannot be deserialized
[21Feb2026 16:07:28.106] [main/ERROR] [net.minecraft.world.item.crafting.RecipeManager/]: Error parsing recipe create:cutting/stripped_echo_log: Failed to parse either. First: No key amount in MapLike[{"count":6,"item":"deeperdarker:echo_planks"}]; No key id in MapLike[{"count":6,"item":"deeperdarker:echo_planks"}]; Second: Failed to parse either. First: No key id in MapLike[{"count":6,"item":"deeperdarker:echo_planks"}]; Second: Failed to parse either. First: Not a JSON object: "deeperdarker:echo_planks"; Second: Compat cannot be deserialized
[21Feb2026 16:07:28.118] [main/ERROR] [net.minecraft.world.item.crafting.RecipeManager/]: Error parsing recipe create:crushing/sculk_stone_gold_ore: Failed to parse either. First: No key amount in MapLike[{"chance":0.125,"item":"deeperdarker:cobbled_sculk_stone"}]; No key id in MapLike[{"chance":0.125,"item":"deeperdarker:cobbled_sculk_stone"}]; Second: Failed to parse either. First: No key id in MapLike[{"chance":0.125,"item":"deeperdarker:cobbled_sculk_stone"}]; Second: Failed to parse either. First: Not a JSON object: "deeperdarker:cobbled_sculk_stone"; Second: Compat cannot be deserialized; Failed to parse either. First: No key amount in MapLike[{"count":2,"item":"create:experience_nugget"}]; No key id in MapLike[{"count":2,"item":"create:experience_nugget"}]; Second: Failed to parse either. First: No key id in MapLike[{"count":2,"item":"create:experience_nugget"}]; Second: Failed to parse either. First: Not a JSON object: "create:experience_nugget"; Second: Compat cannot be deserialized; Failed to parse either. First: No key amount in MapLike[{"chance":0.75,"item":"create:crushed_raw_gold"}]; No key id in MapLike[{"chance":0.75,"item":"create:crushed_raw_gold"}]; Second: Failed to parse either. First: No key id in MapLike[{"chance":0.75,"item":"create:crushed_raw_gold"}]; Second: Failed to parse either. First: Not a JSON object: "create:crushed_raw_gold"; Second: Compat cannot be deserialized; Failed to parse either. First: No key amount in MapLike[{"count":3,"item":"create:crushed_raw_gold"}]; No key id in MapLike[{"count":3,"item":"create:crushed_raw_gold"}]; Second: Failed to parse either. First: No key id in MapLike[{"count":3,"item":"create:crushed_raw_gold"}]; Second: Failed to parse either. First: Not a JSON object: "create:crushed_raw_gold"; Second: Compat cannot be deserialized
[21Feb2026 16:07:28.501] [main/WARN] [KubeJS Server/]: server_scripts:main.js#97: Failed to read ingredient from refinedstorage:quartz_eriched_iron: Item with ID refinedstorage:quartz_eriched_iron does not exist!
[21Feb2026 16:07:28.502] [main/WARN] [KubeJS Server/]: server_scripts:main.js#100: Failed to read ingredient from refinedstorage:quartz_eriched_copper: Item with ID refinedstorage:quartz_eriched_copper does not exist!
[21Feb2026 16:07:28.529] [main/INFO] [KubeJS Server/]: Posted recipe events in 660 ms
[21Feb2026 16:07:28.563] [main/INFO] [KubeJS Server/]: KubeJS modifications to recipe manager finished in 33.32 ms
[21Feb2026 16:07:28.569] [main/ERROR] [net.minecraft.world.item.crafting.RecipeManager/]: Parsing error loading recipe create:crushing/sculk_stone_diamond_ore: com.google.gson.JsonParseException: Failed to parse either. First: No key amount in MapLike[{"chance":0.125,"item":"deeperdarker:cobbled_sculk_stone"}]; No key id in MapLike[{"chance":0.125,"item":"deeperdarker:cobbled_sculk_stone"}]; Second: Failed to parse either. First: No key id in MapLike[{"chance":0.125,"item":"deeperdarker:cobbled_sculk_stone"}]; Second: Failed to parse either. First: Not a JSON object: "deeperdarker:cobbled_sculk_stone"; Second: Compat cannot be deserialized; Failed to parse either. First: No key amount in MapLike[{"item":"create:experience_nugget"}]; No key id in MapLike[{"item":"create:experience_nugget"}]; Second: Failed to parse either. First: No key id in MapLike[{"item":"create:experience_nugget"}]; Second: Failed to parse either. First: Not a JSON object: "create:experience_nugget"; Second: Compat cannot be deserialized; Failed to parse either. First: No key amount in MapLike[{"chance":0.25,"item":"minecraft:diamond"}]; No key id in MapLike[{"chance":0.25,"item":"minecraft:diamond"}]; Second: Failed to parse either. First: No key id in MapLike[{"chance":0.25,"item":"minecraft:diamond"}]; Second: Failed to parse either. First: Not a JSON object: "minecraft:diamond"; Second: Compat cannot be deserialized; Failed to parse either. First: No key amount in MapLike[{"count":3,"item":"minecraft:diamond"}]; No key id in MapLike[{"count":3,"item":"minecraft:diamond"}]; Second: Failed to parse either. First: No key id in MapLike[{"count":3,"item":"minecraft:diamond"}]; Second: Failed to parse either. First: Not a JSON object: "minecraft:diamond"; Second: Compat cannot be deserialized
[21Feb2026 16:07:28.601] [main/ERROR] [net.minecraft.world.item.crafting.RecipeManager/]: Parsing error loading recipe farmersdelight:cutting/echo_door: com.google.gson.JsonParseException: Not a JSON object: "deeperdarker:echo_planks"; Failed to parse either. First: Not a json array: {"type":"farmersdelight:tool_action","action":"axe_dig"}; Second: Unknown registry key in ResourceKey[minecraft:root / neoforge:ingredient_serializer]: farmersdelight:tool_action
[21Feb2026 16:07:28.606] [main/ERROR] [net.minecraft.world.item.crafting.RecipeManager/]: Parsing error loading recipe create:crushing/gloomslate_coal_ore: com.google.gson.JsonParseException: Failed to parse either. First: No key amount in MapLike[{"chance":0.125,"item":"deeperdarker:cobbled_gloomslate"}]; No key id in MapLike[{"chance":0.125,"item":"deeperdarker:cobbled_gloomslate"}]; Second: Failed to parse either. First: No key id in MapLike[{"chance":0.125,"item":"deeperdarker:cobbled_gloomslate"}]; Second: Failed to parse either. First: Not a JSON object: "deeperdarker:cobbled_gloomslate"; Second: Compat cannot be deserialized; Failed to parse either. First: No key amount in MapLike[{"item":"create:experience_nugget"}]; No key id in MapLike[{"item":"create:experience_nugget"}]; Second: Failed to parse either. First: No key id in MapLike[{"item":"create:experience_nugget"}]; Second: Failed to parse either. First: Not a JSON object: "create:experience_nugget"; Second: Compat cannot be deserialized; Failed to parse either. First: No key amount in MapLike[{"chance":0.75,"item":"minecraft:coal"}]; No key id in MapLike[{"chance":0.75,"item":"minecraft:coal"}]; Second: Failed to parse either. First: No key id in MapLike[{"chance":0.75,"item":"minecraft:coal"}]; Second: Failed to parse either. First: Not a JSON object: "minecraft:coal"; Second: Compat cannot be deserialized; Failed to parse either. First: No key amount in MapLike[{"item":"minecraft:coal","count":2}]; No key id in MapLike[{"item":"minecraft:coal","count":2}]; Second: Failed to parse either. First: No key id in MapLike[{"item":"minecraft:coal","count":2}]; Second: Failed to parse either. First: Not a JSON object: "minecraft:coal"; Second: Compat cannot be deserialized
[21Feb2026 16:07:28.616] [main/ERROR] [net.minecraft.world.item.crafting.RecipeManager/]: Parsing error loading recipe create:cutting/echo_log: com.google.gson.JsonParseException: Failed to parse either. First: No key amount in MapLike[{"item":"deeperdarker:stripped_echo_log"}]; No key id in MapLike[{"item":"deeperdarker:stripped_echo_log"}]; Second: Failed to parse either. First: No key id in MapLike[{"item":"deeperdarker:stripped_echo_log"}]; Second: Failed to parse either. First: Not a JSON object: "deeperdarker:stripped_echo_log"; Second: Compat cannot be deserialized
[21Feb2026 16:07:28.653] [main/ERROR] [net.minecraft.world.item.crafting.RecipeManager/]: Parsing error loading recipe nayutilities:syringe: com.google.gson.JsonParseException: No key id in MapLike[{"count":1,"item":"nayutilities:syringe"}]
[21Feb2026 16:07:28.658] [main/ERROR] [net.minecraft.world.item.crafting.RecipeManager/]: Parsing error loading recipe create:crushing/sculk_stone_lapis_ore: com.google.gson.JsonParseException: Failed to parse either. First: No key amount in MapLike[{"chance":0.125,"item":"deeperdarker:cobbled_sculk_stone"}]; No key id in MapLike[{"chance":0.125,"item":"deeperdarker:cobbled_sculk_stone"}]; Second: Failed to parse either. First: No key id in MapLike[{"chance":0.125,"item":"deeperdarker:cobbled_sculk_stone"}]; Second: Failed to parse either. First: Not a JSON object: "deeperdarker:cobbled_sculk_stone"; Second: Compat cannot be deserialized; Failed to parse either. First: No key amount in MapLike[{"item":"create:experience_nugget"}]; No key id in MapLike[{"item":"create:experience_nugget"}]; Second: Failed to parse either. First: No key id in MapLike[{"item":"create:experience_nugget"}]; Second: Failed to parse either. First: Not a JSON object: "create:experience_nugget"; Second: Compat cannot be deserialized; Failed to parse either. First: No key amount in MapLike[{"chance":0.5,"item":"minecraft:lapis_lazuli"}]; No key id in MapLike[{"chance":0.5,"item":"minecraft:lapis_lazuli"}]; Second: Failed to parse either. First: No key id in MapLike[{"chance":0.5,"item":"minecraft:lapis_lazuli"}]; Second: Failed to parse either. First: Not a JSON object: "minecraft:lapis_lazuli"; Second: Compat cannot be deserialized; Failed to parse either. First: No key amount in MapLike[{"count":15,"item":"minecraft:lapis_lazuli"}]; No key id in MapLike[{"count":15,"item":"minecraft:lapis_lazuli"}]; Second: Failed to parse either. First: No key id in MapLike[{"count":15,"item":"minecraft:lapis_lazuli"}]; Second: Failed to parse either. First: Not a JSON object: "minecraft:lapis_lazuli"; Second: Compat cannot be deserialized
[21Feb2026 16:07:28.673] [main/ERROR] [net.minecraft.world.item.crafting.RecipeManager/]: Parsing error loading recipe create:cutting/echo_wood: com.google.gson.JsonParseException: Failed to parse either. First: No key amount in MapLike[{"item":"deeperdarker:stripped_echo_wood"}]; No key id in MapLike[{"item":"deeperdarker:stripped_echo_wood"}]; Second: Failed to parse either. First: No key id in MapLike[{"item":"deeperdarker:stripped_echo_wood"}]; Second: Failed to parse either. First: Not a JSON object: "deeperdarker:stripped_echo_wood"; Second: Compat cannot be deserialized
[21Feb2026 16:07:28.680] [main/ERROR] [net.minecraft.world.item.crafting.RecipeManager/]: Parsing error loading recipe farmersdelight:cutting/echo_wood: com.google.gson.JsonParseException: Not a JSON object: "minecraft:item.axe.strip"; Not a JSON object: "farmersdelight:tree_bark"; Not a JSON object: "deeperdarker:stripped_echo_wood"; Failed to parse either. First: Not a json array: {"type":"farmersdelight:tool_action","action":"axe_strip"}; Second: Unknown registry key in ResourceKey[minecraft:root / neoforge:ingredient_serializer]: farmersdelight:tool_action
[21Feb2026 16:07:28.687] [main/ERROR] [net.minecraft.world.item.crafting.RecipeManager/]: Parsing error loading recipe farmersdelight:cutting/echo_trapdoor: com.google.gson.JsonParseException: Not a JSON object: "deeperdarker:echo_planks"; Failed to parse either. First: Not a json array: {"type":"farmersdelight:tool_action","action":"axe_dig"}; Second: Unknown registry key in ResourceKey[minecraft:root / neoforge:ingredient_serializer]: farmersdelight:tool_action
[21Feb2026 16:07:28.689] [main/ERROR] [net.minecraft.world.item.crafting.RecipeManager/]: Parsing error loading recipe create:crushing/sculk_stone_copper_ore: com.google.gson.JsonParseException: Failed to parse either. First: No key amount in MapLike[{"chance":0.125,"item":"deeperdarker:cobbled_sculk_stone"}]; No key id in MapLike[{"chance":0.125,"item":"deeperdarker:cobbled_sculk_stone"}]; Second: Failed to parse either. First: No key id in MapLike[{"chance":0.125,"item":"deeperdarker:cobbled_sculk_stone"}]; Second: Failed to parse either. First: Not a JSON object: "deeperdarker:cobbled_sculk_stone"; Second: Compat cannot be deserialized; Failed to parse either. First: No key amount in MapLike[{"item":"create:experience_nugget"}]; No key id in MapLike[{"item":"create:experience_nugget"}]; Second: Failed to parse either. First: No key id in MapLike[{"item":"create:experience_nugget"}]; Second: Failed to parse either. First: Not a JSON object: "create:experience_nugget"; Second: Compat cannot be deserialized; Failed to parse either. First: No key amount in MapLike[{"chance":0.75,"item":"create:crushed_raw_copper"}]; No key id in MapLike[{"chance":0.75,"item":"create:crushed_raw_copper"}]; Second: Failed to parse either. First: No key id in MapLike[{"chance":0.75,"item":"create:crushed_raw_copper"}]; Second: Failed to parse either. First: Not a JSON object: "create:crushed_raw_copper"; Second: Compat cannot be deserialized; Failed to parse either. First: No key amount in MapLike[{"count":10,"item":"create:crushed_raw_copper"}]; No key id in MapLike[{"count":10,"item":"create:crushed_raw_copper"}]; Second: Failed to parse either. First: No key id in MapLike[{"count":10,"item":"create:crushed_raw_copper"}]; Second: Failed to parse either. First: Not a JSON object: "create:crushed_raw_copper"; Second: Compat cannot be deserialized
[21Feb2026 16:07:28.709] [main/ERROR] [net.minecraft.world.item.crafting.RecipeManager/]: Parsing error loading recipe create:crushing/gloomslate_copper_ore: com.google.gson.JsonParseException: Failed to parse either. First: No key amount in MapLike[{"chance":0.125,"item":"deeperdarker:cobbled_gloomslate"}]; No key id in MapLike[{"chance":0.125,"item":"deeperdarker:cobbled_gloomslate"}]; Second: Failed to parse either. First: No key id in MapLike[{"chance":0.125,"item":"deeperdarker:cobbled_gloomslate"}]; Second: Failed to parse either. First: Not a JSON object: "deeperdarker:cobbled_gloomslate"; Second: Compat cannot be deserialized; Failed to parse either. First: No key amount in MapLike[{"item":"create:experience_nugget"}]; No key id in MapLike[{"item":"create:experience_nugget"}]; Second: Failed to parse either. First: No key id in MapLike[{"item":"create:experience_nugget"}]; Second: Failed to parse either. First: Not a JSON object: "create:experience_nugget"; Second: Compat cannot be deserialized; Failed to parse either. First: No key amount in MapLike[{"chance":0.75,"item":"create:crushed_raw_copper"}]; No key id in MapLike[{"chance":0.75,"item":"create:crushed_raw_copper"}]; Second: Failed to parse either. First: No key id in MapLike[{"chance":0.75,"item":"create:crushed_raw_copper"}]; Second: Failed to parse either. First: Not a JSON object: "create:crushed_raw_copper"; Second: Compat cannot be deserialized; Failed to parse either. First: No key amount in MapLike[{"count":10,"item":"create:crushed_raw_copper"}]; No key id in MapLike[{"count":10,"item":"create:crushed_raw_copper"}]; Second: Failed to parse either. First: No key id in MapLike[{"count":10,"item":"create:crushed_raw_copper"}]; Second: Failed to parse either. First: Not a JSON object: "create:crushed_raw_copper"; Second: Compat cannot be deserialized
[21Feb2026 16:07:28.724] [main/ERROR] [net.minecraft.world.item.crafting.RecipeManager/]: Parsing error loading recipe create:crushing/sculk_stone_redstone_ore: com.google.gson.JsonParseException: Failed to parse either. First: No key amount in MapLike[{"chance":0.125,"item":"deeperdarker:cobbled_sculk_stone"}]; No key id in MapLike[{"chance":0.125,"item":"deeperdarker:cobbled_sculk_stone"}]; Second: Failed to parse either. First: No key id in MapLike[{"chance":0.125,"item":"deeperdarker:cobbled_sculk_stone"}]; Second: Failed to parse either. First: Not a JSON object: "deeperdarker:cobbled_sculk_stone"; Second: Compat cannot be deserialized; Failed to parse either. First: No key amount in MapLike[{"item":"create:experience_nugget"}]; No key id in MapLike[{"item":"create:experience_nugget"}]; Second: Failed to parse either. First: No key id in MapLike[{"item":"create:experience_nugget"}]; Second: Failed to parse either. First: Not a JSON object: "create:experience_nugget"; Second: Compat cannot be deserialized; Failed to parse either. First: No key amount in MapLike[{"chance":0.5,"item":"minecraft:redstone"}]; No key id in MapLike[{"chance":0.5,"item":"minecraft:redstone"}]; Second: Failed to parse either. First: No key id in MapLike[{"chance":0.5,"item":"minecraft:redstone"}]; Second: Failed to parse either. First: Not a JSON object: "minecraft:redstone"; Second: Compat cannot be deserialized; Failed to parse either. First: No key amount in MapLike[{"count":12,"item":"minecraft:redstone"}]; No key id in MapLike[{"count":12,"item":"minecraft:redstone"}]; Second: Failed to parse either. First: No key id in MapLike[{"count":12,"item":"minecraft:redstone"}]; Second: Failed to parse either. First: Not a JSON object: "minecraft:redstone"; Second: Compat cannot be deserialized
[21Feb2026 16:07:28.732] [main/ERROR] [net.minecraft.world.item.crafting.RecipeManager/]: Parsing error loading recipe create:crushing/gloomslate_lapis_ore: com.google.gson.JsonParseException: Failed to parse either. First: No key amount in MapLike[{"chance":0.125,"item":"deeperdarker:cobbled_gloomslate"}]; No key id in MapLike[{"chance":0.125,"item":"deeperdarker:cobbled_gloomslate"}]; Second: Failed to parse either. First: No key id in MapLike[{"chance":0.125,"item":"deeperdarker:cobbled_gloomslate"}]; Second: Failed to parse either. First: Not a JSON object: "deeperdarker:cobbled_gloomslate"; Second: Compat cannot be deserialized; Failed to parse either. First: No key amount in MapLike[{"item":"create:experience_nugget"}]; No key id in MapLike[{"item":"create:experience_nugget"}]; Second: Failed to parse either. First: No key id in MapLike[{"item":"create:experience_nugget"}]; Second: Failed to parse either. First: Not a JSON object: "create:experience_nugget"; Second: Compat cannot be deserialized; Failed to parse either. First: No key amount in MapLike[{"chance":0.5,"item":"minecraft:lapis_lazuli"}]; No key id in MapLike[{"chance":0.5,"item":"minecraft:lapis_lazuli"}]; Second: Failed to parse either. First: No key id in MapLike[{"chance":0.5,"item":"minecraft:lapis_lazuli"}]; Second: Failed to parse either. First: Not a JSON object: "minecraft:lapis_lazuli"; Second: Compat cannot be deserialized; Failed to parse either. First: No key amount in MapLike[{"count":15,"item":"minecraft:lapis_lazuli"}]; No key id in MapLike[{"count":15,"item":"minecraft:lapis_lazuli"}]; Second: Failed to parse either. First: No key id in MapLike[{"count":15,"item":"minecraft:lapis_lazuli"}]; Second: Failed to parse either. First: Not a JSON object: "minecraft:lapis_lazuli"; Second: Compat cannot be deserialized
[21Feb2026 16:07:28.737] [main/ERROR] [net.minecraft.world.item.crafting.RecipeManager/]: Parsing error loading recipe create:crushing/sculk_stone_iron_ore: com.google.gson.JsonParseException: Failed to parse either. First: No key amount in MapLike[{"chance":0.125,"item":"deeperdarker:cobbled_sculk_stone"}]; No key id in MapLike[{"chance":0.125,"item":"deeperdarker:cobbled_sculk_stone"}]; Second: Failed to parse either. First: No key id in MapLike[{"chance":0.125,"item":"deeperdarker:cobbled_sculk_stone"}]; Second: Failed to parse either. First: Not a JSON object: "deeperdarker:cobbled_sculk_stone"; Second: Compat cannot be deserialized; Failed to parse either. First: No key amount in MapLike[{"item":"create:experience_nugget"}]; No key id in MapLike[{"item":"create:experience_nugget"}]; Second: Failed to parse either. First: No key id in MapLike[{"item":"create:experience_nugget"}]; Second: Failed to parse either. First: Not a JSON object: "create:experience_nugget"; Second: Compat cannot be deserialized; Failed to parse either. First: No key amount in MapLike[{"chance":0.75,"item":"create:crushed_raw_iron"}]; No key id in MapLike[{"chance":0.75,"item":"create:crushed_raw_iron"}]; Second: Failed to parse either. First: No key id in MapLike[{"chance":0.75,"item":"create:crushed_raw_iron"}]; Second: Failed to parse either. First: Not a JSON object: "create:crushed_raw_iron"; Second: Compat cannot be deserialized; Failed to parse either. First: No key amount in MapLike[{"count":3,"item":"create:crushed_raw_iron"}]; No key id in MapLike[{"count":3,"item":"create:crushed_raw_iron"}]; Second: Failed to parse either. First: No key id in MapLike[{"count":3,"item":"create:crushed_raw_iron"}]; Second: Failed to parse either. First: Not a JSON object: "create:crushed_raw_iron"; Second: Compat cannot be deserialized
[21Feb2026 16:07:28.751] [main/ERROR] [net.minecraft.world.item.crafting.RecipeManager/]: Parsing error loading recipe farmersdelight:cutting/echo_log: com.google.gson.JsonParseException: Not a JSON object: "minecraft:item.axe.strip"; Not a JSON object: "farmersdelight:tree_bark"; Not a JSON object: "deeperdarker:stripped_echo_log"; Failed to parse either. First: Not a json array: {"type":"farmersdelight:tool_action","action":"axe_strip"}; Second: Unknown registry key in ResourceKey[minecraft:root / neoforge:ingredient_serializer]: farmersdelight:tool_action
[21Feb2026 16:07:28.754] [main/ERROR] [net.minecraft.world.item.crafting.RecipeManager/]: Parsing error loading recipe farmersdelight:cutting/echo_sign: com.google.gson.JsonParseException: Not a JSON object: "deeperdarker:echo_planks"; Failed to parse either. First: Not a json array: {"type":"farmersdelight:tool_action","action":"axe_dig"}; Second: Unknown registry key in ResourceKey[minecraft:root / neoforge:ingredient_serializer]: farmersdelight:tool_action
[21Feb2026 16:07:28.756] [main/ERROR] [net.minecraft.world.item.crafting.RecipeManager/]: Parsing error loading recipe create:crushing/gloomslate_iron_ore: com.google.gson.JsonParseException: Failed to parse either. First: No key amount in MapLike[{"chance":0.125,"item":"deeperdarker:cobbled_gloomslate"}]; No key id in MapLike[{"chance":0.125,"item":"deeperdarker:cobbled_gloomslate"}]; Second: Failed to parse either. First: No key id in MapLike[{"chance":0.125,"item":"deeperdarker:cobbled_gloomslate"}]; Second: Failed to parse either. First: Not a JSON object: "deeperdarker:cobbled_gloomslate"; Second: Compat cannot be deserialized; Failed to parse either. First: No key amount in MapLike[{"item":"create:experience_nugget"}]; No key id in MapLike[{"item":"create:experience_nugget"}]; Second: Failed to parse either. First: No key id in MapLike[{"item":"create:experience_nugget"}]; Second: Failed to parse either. First: Not a JSON object: "create:experience_nugget"; Second: Compat cannot be deserialized; Failed to parse either. First: No key amount in MapLike[{"chance":0.75,"item":"create:crushed_raw_iron"}]; No key id in MapLike[{"chance":0.75,"item":"create:crushed_raw_iron"}]; Second: Failed to parse either. First: No key id in MapLike[{"chance":0.75,"item":"create:crushed_raw_iron"}]; Second: Failed to parse either. First: Not a JSON object: "create:crushed_raw_iron"; Second: Compat cannot be deserialized; Failed to parse either. First: No key amount in MapLike[{"count":3,"item":"create:crushed_raw_iron"}]; No key id in MapLike[{"count":3,"item":"create:crushed_raw_iron"}]; Second: Failed to parse either. First: No key id in MapLike[{"count":3,"item":"create:crushed_raw_iron"}]; Second: Failed to parse either. First: Not a JSON object: "create:crushed_raw_iron"; Second: Compat cannot be deserialized
[21Feb2026 16:07:28.775] [main/ERROR] [net.minecraft.world.item.crafting.RecipeManager/]: Parsing error loading recipe create:cutting/stripped_echo_wood: com.google.gson.JsonParseException: Failed to parse either. First: No key amount in MapLike[{"count":6,"item":"deeperdarker:echo_planks"}]; No key id in MapLike[{"count":6,"item":"deeperdarker:echo_planks"}]; Second: Failed to parse either. First: No key id in MapLike[{"count":6,"item":"deeperdarker:echo_planks"}]; Second: Failed to parse either. First: Not a JSON object: "deeperdarker:echo_planks"; Second: Compat cannot be deserialized
[21Feb2026 16:07:28.776] [main/ERROR] [net.minecraft.world.item.crafting.RecipeManager/]: Parsing error loading recipe farmersdelight:cutting/echo_hanging_sign: com.google.gson.JsonParseException: Not a JSON object: "deeperdarker:echo_planks"; Failed to parse either. First: Not a json array: {"type":"farmersdelight:tool_action","action":"axe_dig"}; Second: Unknown registry key in ResourceKey[minecraft:root / neoforge:ingredient_serializer]: farmersdelight:tool_action
[21Feb2026 16:07:28.781] [main/ERROR] [net.minecraft.world.item.crafting.RecipeManager/]: Parsing error loading recipe create:crushing/gloomslate_redstone_ore: com.google.gson.JsonParseException: Failed to parse either. First: No key amount in MapLike[{"chance":0.125,"item":"deeperdarker:cobbled_gloomslate"}]; No key id in MapLike[{"chance":0.125,"item":"deeperdarker:cobbled_gloomslate"}]; Second: Failed to parse either. First: No key id in MapLike[{"chance":0.125,"item":"deeperdarker:cobbled_gloomslate"}]; Second: Failed to parse either. First: Not a JSON object: "deeperdarker:cobbled_gloomslate"; Second: Compat cannot be deserialized; Failed to parse either. First: No key amount in MapLike[{"item":"create:experience_nugget"}]; No key id in MapLike[{"item":"create:experience_nugget"}]; Second: Failed to parse either. First: No key id in MapLike[{"item":"create:experience_nugget"}]; Second: Failed to parse either. First: Not a JSON object: "create:experience_nugget"; Second: Compat cannot be deserialized; Failed to parse either. First: No key amount in MapLike[{"chance":0.5,"item":"minecraft:redstone"}]; No key id in MapLike[{"chance":0.5,"item":"minecraft:redstone"}]; Second: Failed to parse either. First: No key id in MapLike[{"chance":0.5,"item":"minecraft:redstone"}]; Second: Failed to parse either. First: Not a JSON object: "minecraft:redstone"; Second: Compat cannot be deserialized; Failed to parse either. First: No key amount in MapLike[{"count":12,"item":"minecraft:redstone"}]; No key id in MapLike[{"count":12,"item":"minecraft:redstone"}]; Second: Failed to parse either. First: No key id in MapLike[{"count":12,"item":"minecraft:redstone"}]; Second: Failed to parse either. First: Not a JSON object: "minecraft:redstone"; Second: Compat cannot be deserialized
[21Feb2026 16:07:28.786] [main/ERROR] [net.minecraft.world.item.crafting.RecipeManager/]: Parsing error loading recipe create:crushing/gloomslate_gold_ore: com.google.gson.JsonParseException: Failed to parse either. First: No key amount in MapLike[{"chance":0.125,"item":"deeperdarker:cobbled_gloomslate"}]; No key id in MapLike[{"chance":0.125,"item":"deeperdarker:cobbled_gloomslate"}]; Second: Failed to parse either. First: No key id in MapLike[{"chance":0.125,"item":"deeperdarker:cobbled_gloomslate"}]; Second: Failed to parse either. First: Not a JSON object: "deeperdarker:cobbled_gloomslate"; Second: Compat cannot be deserialized; Failed to parse either. First: No key amount in MapLike[{"count":2,"item":"create:experience_nugget"}]; No key id in MapLike[{"count":2,"item":"create:experience_nugget"}]; Second: Failed to parse either. First: No key id in MapLike[{"count":2,"item":"create:experience_nugget"}]; Second: Failed to parse either. First: Not a JSON object: "create:experience_nugget"; Second: Compat cannot be deserialized; Failed to parse either. First: No key amount in MapLike[{"chance":0.75,"item":"create:crushed_raw_gold"}]; No key id in MapLike[{"chance":0.75,"item":"create:crushed_raw_gold"}]; Second: Failed to parse either. First: No key id in MapLike[{"chance":0.75,"item":"create:crushed_raw_gold"}]; Second: Failed to parse either. First: Not a JSON object: "create:crushed_raw_gold"; Second: Compat cannot be deserialized; Failed to parse either. First: No key amount in MapLike[{"count":3,"item":"create:crushed_raw_gold"}]; No key id in MapLike[{"count":3,"item":"create:crushed_raw_gold"}]; Second: Failed to parse either. First: No key id in MapLike[{"count":3,"item":"create:crushed_raw_gold"}]; Second: Failed to parse either. First: Not a JSON object: "create:crushed_raw_gold"; Second: Compat cannot be deserialized
[21Feb2026 16:07:28.801] [main/ERROR] [net.minecraft.world.item.crafting.RecipeManager/]: Parsing error loading recipe create:crushing/sculk_stone_coal_ore: com.google.gson.JsonParseException: Failed to parse either. First: No key amount in MapLike[{"chance":0.125,"item":"deeperdarker:cobbled_sculk_stone"}]; No key id in MapLike[{"chance":0.125,"item":"deeperdarker:cobbled_sculk_stone"}]; Second: Failed to parse either. First: No key id in MapLike[{"chance":0.125,"item":"deeperdarker:cobbled_sculk_stone"}]; Second: Failed to parse either. First: Not a JSON object: "deeperdarker:cobbled_sculk_stone"; Second: Compat cannot be deserialized; Failed to parse either. First: No key amount in MapLike[{"item":"create:experience_nugget"}]; No key id in MapLike[{"item":"create:experience_nugget"}]; Second: Failed to parse either. First: No key id in MapLike[{"item":"create:experience_nugget"}]; Second: Failed to parse either. First: Not a JSON object: "create:experience_nugget"; Second: Compat cannot be deserialized; Failed to parse either. First: No key amount in MapLike[{"chance":0.75,"item":"minecraft:coal"}]; No key id in MapLike[{"chance":0.75,"item":"minecraft:coal"}]; Second: Failed to parse either. First: No key id in MapLike[{"chance":0.75,"item":"minecraft:coal"}]; Second: Failed to parse either. First: Not a JSON object: "minecraft:coal"; Second: Compat cannot be deserialized; Failed to parse either. First: No key amount in MapLike[{"item":"minecraft:coal","count":2}]; No key id in MapLike[{"item":"minecraft:coal","count":2}]; Second: Failed to parse either. First: No key id in MapLike[{"item":"minecraft:coal","count":2}]; Second: Failed to parse either. First: Not a JSON object: "minecraft:coal"; Second: Compat cannot be deserialized
[21Feb2026 16:07:28.809] [main/ERROR] [net.minecraft.world.item.crafting.RecipeManager/]: Parsing error loading recipe create:crushing/gloomslate_emerald_ore: com.google.gson.JsonParseException: Failed to parse either. First: No key amount in MapLike[{"chance":0.125,"item":"deeperdarker:cobbled_gloomslate"}]; No key id in MapLike[{"chance":0.125,"item":"deeperdarker:cobbled_gloomslate"}]; Second: Failed to parse either. First: No key id in MapLike[{"chance":0.125,"item":"deeperdarker:cobbled_gloomslate"}]; Second: Failed to parse either. First: Not a JSON object: "deeperdarker:cobbled_gloomslate"; Second: Compat cannot be deserialized; Failed to parse either. First: No key amount in MapLike[{"item":"create:experience_nugget"}]; No key id in MapLike[{"item":"create:experience_nugget"}]; Second: Failed to parse either. First: No key id in MapLike[{"item":"create:experience_nugget"}]; Second: Failed to parse either. First: Not a JSON object: "create:experience_nugget"; Second: Compat cannot be deserialized; Failed to parse either. First: No key amount in MapLike[{"chance":0.25,"item":"minecraft:emerald"}]; No key id in MapLike[{"chance":0.25,"item":"minecraft:emerald"}]; Second: Failed to parse either. First: No key id in MapLike[{"chance":0.25,"item":"minecraft:emerald"}]; Second: Failed to parse either. First: Not a JSON object: "minecraft:emerald"; Second: Compat cannot be deserialized; Failed to parse either. First: No key amount in MapLike[{"count":3,"item":"minecraft:emerald"}]; No key id in MapLike[{"count":3,"item":"minecraft:emerald"}]; Second: Failed to parse either. First: No key id in MapLike[{"count":3,"item":"minecraft:emerald"}]; Second: Failed to parse either. First: Not a JSON object: "minecraft:emerald"; Second: Compat cannot be deserialized
[21Feb2026 16:07:28.813] [main/ERROR] [net.minecraft.world.item.crafting.RecipeManager/]: Parsing error loading recipe create:crushing/gloomslate_diamond_ore: com.google.gson.JsonParseException: Failed to parse either. First: No key amount in MapLike[{"chance":0.125,"item":"deeperdarker:cobbled_gloomslate"}]; No key id in MapLike[{"chance":0.125,"item":"deeperdarker:cobbled_gloomslate"}]; Second: Failed to parse either. First: No key id in MapLike[{"chance":0.125,"item":"deeperdarker:cobbled_gloomslate"}]; Second: Failed to parse either. First: Not a JSON object: "deeperdarker:cobbled_gloomslate"; Second: Compat cannot be deserialized; Failed to parse either. First: No key amount in MapLike[{"item":"create:experience_nugget"}]; No key id in MapLike[{"item":"create:experience_nugget"}]; Second: Failed to parse either. First: No key id in MapLike[{"item":"create:experience_nugget"}]; Second: Failed to parse either. First: Not a JSON object: "create:experience_nugget"; Second: Compat cannot be deserialized; Failed to parse either. First: No key amount in MapLike[{"chance":0.25,"item":"minecraft:diamond"}]; No key id in MapLike[{"chance":0.25,"item":"minecraft:diamond"}]; Second: Failed to parse either. First: No key id in MapLike[{"chance":0.25,"item":"minecraft:diamond"}]; Second: Failed to parse either. First: Not a JSON object: "minecraft:diamond"; Second: Compat cannot be deserialized; Failed to parse either. First: No key amount in MapLike[{"count":3,"item":"minecraft:diamond"}]; No key id in MapLike[{"count":3,"item":"minecraft:diamond"}]; Second: Failed to parse either. First: No key id in MapLike[{"count":3,"item":"minecraft:diamond"}]; Second: Failed to parse either. First: Not a JSON object: "minecraft:diamond"; Second: Compat cannot be deserialized
[21Feb2026 16:07:28.820] [main/ERROR] [net.minecraft.world.item.crafting.RecipeManager/]: Parsing error loading recipe create:crushing/sculk_stone_emerald_ore: com.google.gson.JsonParseException: Failed to parse either. First: No key amount in MapLike[{"chance":0.125,"item":"deeperdarker:cobbled_sculk_stone"}]; No key id in MapLike[{"chance":0.125,"item":"deeperdarker:cobbled_sculk_stone"}]; Second: Failed to parse either. First: No key id in MapLike[{"chance":0.125,"item":"deeperdarker:cobbled_sculk_stone"}]; Second: Failed to parse either. First: Not a JSON object: "deeperdarker:cobbled_sculk_stone"; Second: Compat cannot be deserialized; Failed to parse either. First: No key amount in MapLike[{"item":"create:experience_nugget"}]; No key id in MapLike[{"item":"create:experience_nugget"}]; Second: Failed to parse either. First: No key id in MapLike[{"item":"create:experience_nugget"}]; Second: Failed to parse either. First: Not a JSON object: "create:experience_nugget"; Second: Compat cannot be deserialized; Failed to parse either. First: No key amount in MapLike[{"chance":0.25,"item":"minecraft:emerald"}]; No key id in MapLike[{"chance":0.25,"item":"minecraft:emerald"}]; Second: Failed to parse either. First: No key id in MapLike[{"chance":0.25,"item":"minecraft:emerald"}]; Second: Failed to parse either. First: Not a JSON object: "minecraft:emerald"; Second: Compat cannot be deserialized; Failed to parse either. First: No key amount in MapLike[{"count":3,"item":"minecraft:emerald"}]; No key id in MapLike[{"count":3,"item":"minecraft:emerald"}]; Second: Failed to parse either. First: No key id in MapLike[{"count":3,"item":"minecraft:emerald"}]; Second: Failed to parse either. First: Not a JSON object: "minecraft:emerald"; Second: Compat cannot be deserialized
[21Feb2026 16:07:28.824] [main/ERROR] [net.minecraft.world.item.crafting.RecipeManager/]: Parsing error loading recipe create:cutting/stripped_echo_log: com.google.gson.JsonParseException: Failed to parse either. First: No key amount in MapLike[{"count":6,"item":"deeperdarker:echo_planks"}]; No key id in MapLike[{"count":6,"item":"deeperdarker:echo_planks"}]; Second: Failed to parse either. First: No key id in MapLike[{"count":6,"item":"deeperdarker:echo_planks"}]; Second: Failed to parse either. First: Not a JSON object: "deeperdarker:echo_planks"; Second: Compat cannot be deserialized
[21Feb2026 16:07:28.844] [main/ERROR] [net.minecraft.world.item.crafting.RecipeManager/]: Parsing error loading recipe create:crushing/sculk_stone_gold_ore: com.google.gson.JsonParseException: Failed to parse either. First: No key amount in MapLike[{"chance":0.125,"item":"deeperdarker:cobbled_sculk_stone"}]; No key id in MapLike[{"chance":0.125,"item":"deeperdarker:cobbled_sculk_stone"}]; Second: Failed to parse either. First: No key id in MapLike[{"chance":0.125,"item":"deeperdarker:cobbled_sculk_stone"}]; Second: Failed to parse either. First: Not a JSON object: "deeperdarker:cobbled_sculk_stone"; Second: Compat cannot be deserialized; Failed to parse either. First: No key amount in MapLike[{"count":2,"item":"create:experience_nugget"}]; No key id in MapLike[{"count":2,"item":"create:experience_nugget"}]; Second: Failed to parse either. First: No key id in MapLike[{"count":2,"item":"create:experience_nugget"}]; Second: Failed to parse either. First: Not a JSON object: "create:experience_nugget"; Second: Compat cannot be deserialized; Failed to parse either. First: No key amount in MapLike[{"chance":0.75,"item":"create:crushed_raw_gold"}]; No key id in MapLike[{"chance":0.75,"item":"create:crushed_raw_gold"}]; Second: Failed to parse either. First: No key id in MapLike[{"chance":0.75,"item":"create:crushed_raw_gold"}]; Second: Failed to parse either. First: Not a JSON object: "create:crushed_raw_gold"; Second: Compat cannot be deserialized; Failed to parse either. First: No key amount in MapLike[{"count":3,"item":"create:crushed_raw_gold"}]; No key id in MapLike[{"count":3,"item":"create:crushed_raw_gold"}]; Second: Failed to parse either. First: No key id in MapLike[{"count":3,"item":"create:crushed_raw_gold"}]; Second: Failed to parse either. First: Not a JSON object: "create:crushed_raw_gold"; Second: Compat cannot be deserialized
[21Feb2026 16:07:28.851] [main/INFO] [net.minecraft.world.item.crafting.RecipeManager/]: Loaded 12704 recipes
[21Feb2026 16:07:28.852] [main/INFO] [KubeJS Server/]: Added 39 recipes, removed 55 recipes, modified 36 recipes, with 0 failed recipes taking 1.572 s in total
[21Feb2026 16:07:29.196] [main/ERROR] [net.minecraft.advancements.AdvancementTree/]: Couldn't load advancements: [dungeons_arise:find_thornborn_towers, dungeons_arise:find_fishing_hut]
[21Feb2026 16:07:29.196] [main/INFO] [net.minecraft.advancements.AdvancementTree/]: Loaded 7306 advancements
[21Feb2026 16:07:29.209] [main/INFO] [Curios API/]: Loaded 17 curio slots
[21Feb2026 16:07:29.212] [main/INFO] [Curios API/]: Loaded 11 curio entities
[21Feb2026 16:07:29.228] [main/INFO] [Supplementaries/]: Loaded 28 flute songs
[21Feb2026 16:07:29.282] [main/INFO] [Moonlight/]: Applied 17 data villager trades
[21Feb2026 16:07:29.285] [main/INFO] [Moonlight/]: Failed to load custom color set definition {"id":"quark:rune","colors":{"default":"quark:blank_rune"},"replace":false}. Ignoring
[21Feb2026 16:07:29.286] [main/INFO] [Moonlight/]: Failed to load custom color set definition {"id":"quark:shard","colors":{"default":"quark:clear_shard"},"replace":false}. Ignoring
[21Feb2026 16:07:29.294] [main/WARN] [net.minecraft.core.MappedRegistry/]: Not all defined tags for registry ResourceKey[minecraft:root / minecraft:worldgen/biome] are present in data pack: additionalstructures:has_structure/skeleton_skull
[21Feb2026 16:07:29.300] [main/WARN] [net.minecraft.core.MappedRegistry/]: Not all defined tags for registry ResourceKey[minecraft:root / minecraft:block] are present in data pack: cataclysm:needs_black_steel_tool, cataclysm:needs_monstrosity_tool
[21Feb2026 16:07:29.592] [main/INFO] [Supplementaries/]: Registering custom dispenser behaviors
[21Feb2026 16:07:29.673] [main/WARN] [ModernFix/]: Initial datapack load took 7.433 s
[21Feb2026 16:07:29.751] [Server thread/INFO] [net.minecraft.server.dedicated.DedicatedServer/]: Starting minecraft server version 1.21.1
[21Feb2026 16:07:29.751] [Server thread/INFO] [net.minecraft.server.dedicated.DedicatedServer/]: Loading properties
[21Feb2026 16:07:29.751] [Server thread/INFO] [net.minecraft.server.dedicated.DedicatedServer/]: Default game type: SURVIVAL
[21Feb2026 16:07:29.751] [Server thread/INFO] [net.minecraft.server.MinecraftServer/]: Generating keypair
[21Feb2026 16:07:29.852] [Server thread/INFO] [net.minecraft.server.dedicated.DedicatedServer/]: Starting Minecraft server on *:25565
[21Feb2026 16:07:29.901] [Server thread/INFO] [net.minecraft.server.network.ServerConnectionListener/]: Using epoll channel type
[21Feb2026 16:07:29.938] [Server thread/WARN] [net.minecraft.server.dedicated.DedicatedServer/]: **** SERVER IS RUNNING IN OFFLINE/INSECURE MODE!
[21Feb2026 16:07:29.939] [Server thread/WARN] [net.minecraft.server.dedicated.DedicatedServer/]: The server will make no attempt to authenticate usernames. Beware.
[21Feb2026 16:07:29.939] [Server thread/WARN] [net.minecraft.server.dedicated.DedicatedServer/]: While this makes the game possible to play without internet access, it also opens up the ability for hackers to connect with any username they choose.
[21Feb2026 16:07:29.939] [Server thread/WARN] [net.minecraft.server.dedicated.DedicatedServer/]: To change this, set "online-mode" to "true" in the server.properties file.
[21Feb2026 16:07:29.954] [Server thread/INFO] [Puzzles Lib/]: Dispatching loading event for config easyanvils-server.toml
[21Feb2026 16:07:29.957] [Server thread/INFO] [Puzzles Lib/]: Dispatching loading event for config leavesbegone-server.toml
[21Feb2026 16:07:29.958] [Server thread/INFO] [com.tom.storagemod.StorageMod/]: Loaded Tom's Simple Storage config file toms_storage-server.toml
[21Feb2026 16:07:30.214] [Server thread/WARN] [net.neoforged.neoforge.server.ServerLifecycleHooks/]: Detected deeperdarker:angler_fish that was registered with WATER_CREATURE mob category but was added under MONSTER mob category for deeperdarker:blooming_caverns biome! Mobs should be added to biomes under the same mob category that the mob was registered as to prevent mob cap spawning issues.
[21Feb2026 16:07:30.343] [Server thread/INFO] [spark/]: Starting background profiler...
[21Feb2026 16:07:31.273] [Server thread/INFO] [net.minecraft.server.dedicated.DedicatedServer/]: Preparing level "world"
[21Feb2026 16:07:32.433] [Server thread/INFO] [net.minecraft.server.MinecraftServer/]: Preparing start region for dimension minecraft:overworld
[21Feb2026 16:07:32.436] [Server thread/WARN] [mixin/]: Method overwrite conflict for removeIf in lithium.mixins.json:collections.chunk_tickets.SortedArraySetMixin from mod lithium, previously written by org.embeddedt.modernfix.common.mixin.bugfix.paper_chunk_patches.SortedArraySetMixin. Skipping method.
[21Feb2026 16:07:32.448] [Server thread/INFO] [KubeJS Server/]: Server resource reload complete!
[21Feb2026 16:07:32.642] [Server thread/WARN] [mixin/]: Method overwrite conflict for acquire in lithium.mixins.json:chunk.no_locking.PalettedContainerMixin from mod lithium, previously written by com.aziz.saturn.mixin.miscellaneous.threading_detector.PalettedContainerMixin. Skipping method.
[21Feb2026 16:07:32.643] [Server thread/WARN] [mixin/]: Method overwrite conflict for release in lithium.mixins.json:chunk.no_locking.PalettedContainerMixin from mod lithium, previously written by com.aziz.saturn.mixin.miscellaneous.threading_detector.PalettedContainerMixin. Skipping method.
[21Feb2026 16:07:34.929] [Worker-Main-2/INFO] [net.minecraft.server.level.progress.LoggerChunkProgressListener/]: Preparing spawn area: 0%
[21Feb2026 16:07:34.929] [Worker-Main-2/INFO] [net.minecraft.server.level.progress.LoggerChunkProgressListener/]: Preparing spawn area: 0%
[21Feb2026 16:07:34.929] [Worker-Main-2/INFO] [net.minecraft.server.level.progress.LoggerChunkProgressListener/]: Preparing spawn area: 0%
[21Feb2026 16:07:34.930] [Worker-Main-2/INFO] [net.minecraft.server.level.progress.LoggerChunkProgressListener/]: Preparing spawn area: 0%
[21Feb2026 16:07:34.930] [Worker-Main-2/INFO] [net.minecraft.server.level.progress.LoggerChunkProgressListener/]: Preparing spawn area: 0%
[21Feb2026 16:07:34.937] [Worker-Main-2/INFO] [net.minecraft.server.level.progress.LoggerChunkProgressListener/]: Preparing spawn area: 0%
[21Feb2026 16:07:35.136] [Server thread/INFO] [net.minecraft.server.level.progress.LoggerChunkProgressListener/]: Time elapsed: 2702 ms
[21Feb2026 16:07:35.136] [Server thread/INFO] [net.minecraft.server.dedicated.DedicatedServer/]: Done (5.184s)! For help, type "help"
[21Feb2026 16:07:35.475] [Server thread/INFO] [net.neoforged.neoforge.server.permission.PermissionAPI/]: Successfully initialized permission handler neoforge:default_handler
[21Feb2026 16:07:35.481] [Server thread/INFO] [dev.averageanime.neoforge.CreateFood/]: Create: Food - Server Startup
[21Feb2026 16:07:35.534] [Server thread/INFO] [Observable/]: Registered thread Server thread
[21Feb2026 16:07:47.269] [Server thread/WARN] [ModernFix/]: Dedicated server took 59.896 seconds to load
[21Feb2026 16:07:49.337] [Server thread/WARN] [net.minecraft.server.MinecraftServer/]: Can't keep up! Is the server overloaded? Running 2011ms or 40 ticks behind
[21Feb2026 16:07:49.406] [Server thread/INFO] [net.minecraft.server.LoggedPrintStream/]: [STDOUT]: Lithium Cached BlockState Flags are disabled!
[21Feb2026 16:10:13.814] [Server thread/INFO] [net.minecraft.server.players.PlayerList/]: Brayah_[/127.201.81.95:54827] logged in with entity id 32 at (-211.30000001192093, 66.0, 149.68187763550225)
[21Feb2026 16:10:14.158] [Server thread/INFO] [net.minecraft.server.MinecraftServer/]: Brayah_ joined the game
[21Feb2026 16:10:14.284] [Server thread/INFO] [artifacts.Artifacts/]: Sending item configs to client
[21Feb2026 16:10:15.878] [Server thread/WARN] [net.minecraft.server.MinecraftServer/]: Can't keep up! Is the server overloaded? Running 2556ms or 51 ticks behind
[21Feb2026 16:10:28.588] [Server thread/INFO] [ShulkerBoxTooltip/]: [ShulkerBoxTooltip] Brayah_: protocol version: 2.0
[21Feb2026 16:10:28.592] [Server thread/INFO] [ShulkerBoxTooltip Plugins/]: [ShulkerBoxTooltip Plugins] Loading 2 plugins: supplementaries, shulkerboxtooltip
[21Feb2026 16:10:28.595] [Server thread/INFO] [ShulkerBoxTooltip Plugins/]: [ShulkerBoxTooltip Plugins] Registered 3 providers for mod supplementaries
[21Feb2026 16:10:28.599] [Server thread/INFO] [ShulkerBoxTooltip Plugins/]: [ShulkerBoxTooltip Plugins] Registered 31 providers for mod shulkerboxtooltip
[21Feb2026 16:12:27.550] [Server thread/INFO] [net.minecraft.server.players.PlayerList/]: Henrique[/127.255.143.180:47703] logged in with entity id 374 at (-195.59456412089747, 27.0, 293.4979164581319)
[21Feb2026 16:12:27.633] [Server thread/INFO] [net.minecraft.server.MinecraftServer/]: Henrique joined the game
[21Feb2026 16:12:27.682] [Server thread/INFO] [artifacts.Artifacts/]: Sending item configs to client
[21Feb2026 16:12:30.647] [Server thread/INFO] [net.minecraft.server.MinecraftServer/]: [Not Secure] <Brayah_> o/
[21Feb2026 16:12:31.251] [Server thread/INFO] [ShulkerBoxTooltip/]: [ShulkerBoxTooltip] Henrique: protocol version: 2.0
[21Feb2026 16:13:02.366] [Server thread/INFO] [net.minecraft.server.MinecraftServer/]: [Not Secure] <Brayah_> <Henrique> Tu já ligou o server já, <Brayah_> sim
[21Feb2026 16:13:19.691] [Server thread/INFO] [net.minecraft.server.MinecraftServer/]: [Not Secure] <Henrique> ebaaa
[21Feb2026 16:13:29.507] [Server thread/INFO] [net.minecraft.server.MinecraftServer/]: [Not Secure] <Henrique> vem ca
[21Feb2026 16:14:07.605] [Server thread/INFO] [net.minecraft.server.MinecraftServer/]: [Not Secure] <Brayah_> vc que fez esse tunel pra baixo?
[21Feb2026 16:14:12.789] [Server thread/INFO] [net.minecraft.server.MinecraftServer/]: [Not Secure] <Brayah_> to seguindo ele
[21Feb2026 16:14:13.057] [Server thread/INFO] [net.minecraft.server.MinecraftServer/]: [Not Secure] <Henrique> sim
[21Feb2026 16:14:29.645] [Server thread/INFO] [net.minecraft.server.MinecraftServer/]: [Not Secure] <Brayah_> acabou e agora?
[21Feb2026 16:14:49.871] [Server thread/INFO] [net.minecraft.server.MinecraftServer/]: [Not Secure] <Henrique> tem mais pra frente
[21Feb2026 16:15:50.310] [Server thread/INFO] [net.minecraft.server.MinecraftServer/]: [Not Secure] <Brayah_> me ajuda seu bostão
[21Feb2026 16:16:12.083] [Server thread/INFO] [net.minecraft.server.MinecraftServer/]: [Not Secure] <Brayah_> não acredito que vc foi embora
[21Feb2026 16:16:19.518] [Server thread/INFO] [net.minecraft.server.MinecraftServer/]: [Not Secure] <Henrique> to aqui
[21Feb2026 16:16:34.436] [Server thread/INFO] [net.minecraft.server.MinecraftServer/]: [Not Secure] <Brayah_> cava num lugar seguro pra mim saber onde é
[21Feb2026 16:17:44.948] [Server thread/INFO] [net.minecraft.server.MinecraftServer/]: %1$s was frozen to death by %2$s using %3$
[21Feb2026 16:17:51.297] [Server thread/ERROR] [sophisticatedcore/]: Tried to load invalid item: 'Unknown registry key in ResourceKey[minecraft:root / minecraft:item]: pfm:furniture_book'
[21Feb2026 16:18:04.396] [Server thread/INFO] [net.minecraft.server.MinecraftServer/]: [Not Secure] <Henrique> PARA DE USAR MAGIA
[21Feb2026 16:18:06.599] [Server thread/INFO] [net.minecraft.server.MinecraftServer/]: [Not Secure] <Brayah_> ah não, c nem tava perto como se morreu de gelo?
[21Feb2026 16:18:25.664] [Server thread/INFO] [net.minecraft.server.MinecraftServer/]: [Not Secure] <Brayah_> não, bater com espada é muito fraco, tem uns brute ai
[21Feb2026 16:19:06.988] [Server thread/WARN] [net.minecraft.server.level.ServerPlayerGameMode/]: Mismatch in destroy block pos: BlockPos{x=-195, y=35, z=294} BlockPos{x=-195, y=35, z=302}
[21Feb2026 16:19:12.497] [Worker-Main-5/WARN] [ModernFix/]: Skipped emitting ENTITY_MOUNT game event for entity Strider['Strider'/2034, l='ServerLevel[world]', x=-265.00, y=31.00, z=474.00] as it would cause deadlock
[21Feb2026 16:19:24.168] [Server thread/INFO] [net.minecraft.server.MinecraftServer/]: Brayah_ has made the advancement [War Pigs]
[21Feb2026 16:20:13.447] [Server thread/INFO] [net.minecraft.server.MinecraftServer/]: [Not Secure] <Brayah_> n consegue voltar?
[21Feb2026 16:20:22.424] [Server thread/ERROR] [sophisticatedcore/]: Tried to load invalid item: 'Unknown registry key in ResourceKey[minecraft:root / minecraft:item]: pfm:furniture_book'
[21Feb2026 16:20:25.964] [Server thread/WARN] [net.minecraft.server.MinecraftServer/]: Can't keep up! Is the server overloaded? Running 3742ms or 74 ticks behind
[21Feb2026 16:20:27.323] [Server thread/INFO] [net.minecraft.server.MinecraftServer/]: [Not Secure] <Henrique> acho q sim
[21Feb2026 16:20:47.595] [Server thread/INFO] [net.minecraft.server.MinecraftServer/]: Henrique was slain by Piglin
[21Feb2026 16:20:54.062] [Server thread/INFO] [net.minecraft.server.MinecraftServer/]: [Not Secure] <Brayah_> oh mds
[21Feb2026 16:21:20.311] [Server thread/INFO] [net.minecraft.server.MinecraftServer/]: [Not Secure] <Brayah_> segue eu
[21Feb2026 16:21:20.333] [Server thread/INFO] [net.minecraft.server.MinecraftServer/]: [Not Secure] <Henrique> como eu consigo xp
[21Feb2026 16:21:55.680] [Server thread/INFO] [net.minecraft.server.MinecraftServer/]: [Not Secure] <Brayah_> nossa ainda ta custando xp
[21Feb2026 16:22:17.615] [Server thread/INFO] [net.minecraft.server.MinecraftServer/]: [Not Secure] <Brayah_> é só reproduzir as ovelha lá
[21Feb2026 16:22:33.036] [Server thread/ERROR] [sophisticatedcore/]: Tried to load invalid item: 'Unknown registry key in ResourceKey[minecraft:root / minecraft:item]: pfm:furniture_book'
[21Feb2026 16:22:49.085] [Server thread/INFO] [net.minecraft.server.MinecraftServer/]: [Not Secure] <Brayah_> e para de gastar os ouro pra fazer capacete
[21Feb2026 16:23:00.608] [Server thread/INFO] [net.minecraft.server.MinecraftServer/]: [Not Secure] <Henrique> eu fiz 1
[21Feb2026 16:23:39.138] [Server thread/INFO] [net.minecraft.server.MinecraftServer/]: [Not Secure] <Brayah_> mim tem presente
[21Feb2026 16:23:46.991] [Server thread/INFO] [net.minecraft.server.MinecraftServer/]: [Not Secure] <Brayah_> só quando vc chegar no bastion
[21Feb2026 16:23:51.142] [Server thread/INFO] [net.minecraft.server.MinecraftServer/]: Henrique fell from a high place
[21Feb2026 16:24:45.268] [Server thread/INFO] [net.minecraft.server.MinecraftServer/]: [Not Secure] <Brayah_> socorro, entrei dentro da parede
[21Feb2026 16:25:00.905] [Server thread/INFO] [net.minecraft.server.MinecraftServer/]: [Not Secure] <Henrique> sinto muito
[21Feb2026 16:25:06.937] [Server thread/INFO] [net.minecraft.server.network.ServerGamePacketListenerImpl/]: Brayah_ lost connection: Disconnected
[21Feb2026 16:25:06.938] [Server thread/INFO] [net.minecraft.server.MinecraftServer/]: Brayah_ left the game
[21Feb2026 16:25:15.361] [Server thread/INFO] [net.minecraft.server.players.PlayerList/]: Brayah_[/127.201.81.95:35659] logged in with entity id 4205 at (-200.20172086299232, 28.0, 290.30000001192093)
[21Feb2026 16:25:15.445] [Server thread/INFO] [net.minecraft.server.MinecraftServer/]: Brayah_ joined the game
[21Feb2026 16:25:15.479] [Server thread/INFO] [artifacts.Artifacts/]: Sending item configs to client
[21Feb2026 16:25:16.060] [Server thread/INFO] [ShulkerBoxTooltip/]: [ShulkerBoxTooltip] Brayah_: protocol version: 2.0
[21Feb2026 16:25:56.342] [Server thread/INFO] [net.minecraft.server.MinecraftServer/]: [Not Secure] <Brayah_> aee sai
[21Feb2026 16:29:03.119] [Server thread/INFO] [net.minecraft.server.MinecraftServer/]: [Not Secure] <Brayah_> ppara de joogar lixo
[21Feb2026 16:29:27.744] [Server thread/INFO] [net.minecraft.server.MinecraftServer/]: [Not Secure] <Brayah_> o presente
[21Feb2026 16:29:40.344] [Server thread/INFO] [net.minecraft.server.MinecraftServer/]: [Not Secure] <Brayah_> para de jogar lixo
[21Feb2026 16:30:03.733] [Server thread/INFO] [net.minecraft.server.MinecraftServer/]: Henrique tried to swim in lava to escape Magma Cube
[21Feb2026 16:30:09.829] [Server thread/ERROR] [sophisticatedcore/]: Tried to load invalid item: 'Unknown registry key in ResourceKey[minecraft:root / minecraft:item]: pfm:furniture_book'
[21Feb2026 16:30:33.345] [Server thread/INFO] [net.minecraft.server.MinecraftServer/]: [Not Secure] <Brayah_> oh mds
[21Feb2026 16:31:20.194] [Server thread/INFO] [net.minecraft.server.MinecraftServer/]: Brayah_ was slain by Piglin Brute
[21Feb2026 16:31:45.085] [Server thread/INFO] [net.minecraft.server.MinecraftServer/]: [Not Secure] <Brayah_> parar!
[21Feb2026 16:31:49.293] [Server thread/INFO] [net.minecraft.server.MinecraftServer/]: [Not Secure] <Brayah_> não mata
[21Feb2026 16:31:56.717] [Server thread/INFO] [net.minecraft.server.MinecraftServer/]: [Not Secure] <Brayah_> seu monstro
[21Feb2026 16:32:07.855] [Server thread/INFO] [net.minecraft.server.MinecraftServer/]: [Not Secure] <Brayah_> por isso q eu reparei que tinha sumido umas cores
[21Feb2026 16:33:37.428] [Server thread/INFO] [net.minecraft.server.MinecraftServer/]: Brayah_ was slain by Piglin
[21Feb2026 16:33:39.154] [Server thread/ERROR] [sophisticatedcore/]: Tried to load invalid item: 'Unknown registry key in ResourceKey[minecraft:root / minecraft:item]: pfm:furniture_book'
[21Feb2026 16:33:42.195] [Server thread/INFO] [net.minecraft.server.MinecraftServer/]: [Not Secure] <Henrique> obrigado por tampar o caminho
[21Feb2026 16:34:04.135] [Server thread/INFO] [net.minecraft.server.MinecraftServer/]: [Not Secure] <Brayah_> de nada
[21Feb2026 16:40:44.517] [Server thread/INFO] [net.minecraft.server.MinecraftServer/]: [Not Secure] <Henrique> eu almoçar
[21Feb2026 16:40:50.658] [Server thread/INFO] [net.minecraft.server.MinecraftServer/]: [Not Secure] <Brayah_> ta
[21Feb2026 16:40:53.421] [Server thread/INFO] [net.minecraft.server.MinecraftServer/]: [Not Secure] <Brayah_> o/
[21Feb2026 16:41:38.731] [Server thread/INFO] [net.minecraft.server.MinecraftServer/]: [Not Secure] <Brayah_> vou ir na direção da nether city entap
[21Feb2026 16:42:44.121] [Server thread/WARN] [net.minecraft.server.level.ServerPlayerGameMode/]: Mismatch in destroy block pos: BlockPos{x=-198, y=28, z=295} BlockPos{x=-199, y=26, z=291}
[21Feb2026 16:43:01.252] [Server thread/WARN] [net.minecraft.server.level.ServerPlayerGameMode/]: Mismatch in destroy block pos: BlockPos{x=-199, y=28, z=291} BlockPos{x=-199, y=26, z=291}
[21Feb2026 16:43:05.732] [Server thread/WARN] [net.minecraft.server.level.ServerPlayerGameMode/]: Mismatch in destroy block pos: BlockPos{x=-199, y=28, z=291} BlockPos{x=-199, y=26, z=291}
[21Feb2026 16:43:22.631] [Server thread/INFO] [net.minecraft.server.network.ServerGamePacketListenerImpl/]: Brayah_ lost connection: Disconnected
[21Feb2026 16:43:22.632] [Server thread/INFO] [net.minecraft.server.MinecraftServer/]: Brayah_ left the game
[21Feb2026 16:46:11.997] [Server thread/INFO] [net.minecraft.server.players.PlayerList/]: Brayah_[/127.201.81.95:48803] logged in with entity id 9398 at (-197.30000001192093, 27.0, 292.072729039727)
[21Feb2026 16:46:12.093] [Server thread/INFO] [net.minecraft.server.MinecraftServer/]: Brayah_ joined the game
[21Feb2026 16:46:12.148] [Server thread/INFO] [artifacts.Artifacts/]: Sending item configs to client
[21Feb2026 16:46:12.739] [Server thread/INFO] [ShulkerBoxTooltip/]: [ShulkerBoxTooltip] Brayah_: protocol version: 2.0
[21Feb2026 16:47:18.782] [Server thread/INFO] [net.minecraft.server.MinecraftServer/]: [Not Secure] <Brayah_> vai almuça logo
[21Feb2026 16:47:25.163] [Server thread/WARN] [net.minecraft.server.level.ServerPlayerGameMode/]: Mismatch in destroy block pos: BlockPos{x=-195, y=24, z=295} BlockPos{x=-196, y=27, z=295}
[21Feb2026 16:48:05.164] [Server thread/WARN] [net.minecraft.server.level.ServerPlayerGameMode/]: Mismatch in destroy block pos: BlockPos{x=-195, y=24, z=295} BlockPos{x=-197, y=22, z=295}
[21Feb2026 16:48:05.231] [Server thread/WARN] [net.minecraft.server.level.ServerPlayerGameMode/]: Mismatch in destroy block pos: BlockPos{x=-195, y=24, z=295} BlockPos{x=-197, y=22, z=295}
[21Feb2026 16:48:05.281] [Server thread/WARN] [net.minecraft.server.level.ServerPlayerGameMode/]: Mismatch in destroy block pos: BlockPos{x=-195, y=24, z=295} BlockPos{x=-197, y=22, z=295}
[21Feb2026 16:48:05.331] [Server thread/WARN] [net.minecraft.server.level.ServerPlayerGameMode/]: Mismatch in destroy block pos: BlockPos{x=-195, y=24, z=295} BlockPos{x=-197, y=22, z=295}
[21Feb2026 16:48:05.384] [Server thread/WARN] [net.minecraft.server.level.ServerPlayerGameMode/]: Mismatch in destroy block pos: BlockPos{x=-195, y=24, z=295} BlockPos{x=-197, y=22, z=295}
[21Feb2026 16:48:05.435] [Server thread/WARN] [net.minecraft.server.level.ServerPlayerGameMode/]: Mismatch in destroy block pos: BlockPos{x=-195, y=24, z=295} BlockPos{x=-197, y=22, z=295}
[21Feb2026 16:48:12.333] [Server thread/WARN] [net.minecraft.server.level.ServerPlayerGameMode/]: Mismatch in destroy block pos: BlockPos{x=-197, y=21, z=302} BlockPos{x=-197, y=21, z=310}
[21Feb2026 16:48:12.451] [Server thread/WARN] [net.minecraft.server.level.ServerPlayerGameMode/]: Mismatch in destroy block pos: BlockPos{x=-197, y=22, z=309} BlockPos{x=-197, y=21, z=310}
[21Feb2026 16:48:12.530] [Server thread/WARN] [net.minecraft.server.level.ServerPlayerGameMode/]: Mismatch in destroy block pos: BlockPos{x=-197, y=22, z=309} BlockPos{x=-197, y=21, z=310}
[21Feb2026 16:48:13.111] [Server thread/WARN] [net.minecraft.server.level.ServerPlayerGameMode/]: Mismatch in destroy block pos: BlockPos{x=-197, y=22, z=309} BlockPos{x=-197, y=22, z=311}
[21Feb2026 16:48:13.194] [Server thread/WARN] [net.minecraft.server.level.ServerPlayerGameMode/]: Mismatch in destroy block pos: BlockPos{x=-197, y=22, z=312} BlockPos{x=-197, y=22, z=311}
[21Feb2026 16:48:15.889] [Server thread/WARN] [net.minecraft.server.level.ServerPlayerGameMode/]: Mismatch in destroy block pos: BlockPos{x=-197, y=22, z=315} BlockPos{x=-197, y=21, z=314}
[21Feb2026 16:48:16.295] [Server thread/WARN] [net.minecraft.server.level.ServerPlayerGameMode/]: Mismatch in destroy block pos: BlockPos{x=-197, y=21, z=315} BlockPos{x=-197, y=21, z=313}
[21Feb2026 16:48:19.834] [Server thread/WARN] [net.minecraft.server.level.ServerPlayerGameMode/]: Mismatch in destroy block pos: BlockPos{x=-197, y=21, z=315} BlockPos{x=-197, y=21, z=327}
[21Feb2026 16:48:20.984] [Server thread/WARN] [net.minecraft.server.level.ServerPlayerGameMode/]: Mismatch in destroy block pos: BlockPos{x=-197, y=22, z=325} BlockPos{x=-197, y=22, z=327}
[21Feb2026 16:49:19.903] [Server thread/WARN] [net.minecraft.server.level.ServerPlayerGameMode/]: Mismatch in destroy block pos: BlockPos{x=-185, y=18, z=338} BlockPos{x=-185, y=18, z=339}
[21Feb2026 16:49:19.915] [Server thread/WARN] [net.minecraft.server.level.ServerPlayerGameMode/]: Mismatch in destroy block pos: BlockPos{x=-185, y=18, z=340} BlockPos{x=-185, y=18, z=339}
[21Feb2026 16:49:26.582] [Server thread/WARN] [net.minecraft.server.level.ServerPlayerGameMode/]: Mismatch in destroy block pos: BlockPos{x=-184, y=19, z=339} BlockPos{x=-184, y=19, z=338}
[21Feb2026 16:49:37.470] [Server thread/WARN] [net.minecraft.server.level.ServerPlayerGameMode/]: Mismatch in destroy block pos: BlockPos{x=-182, y=14, z=338} BlockPos{x=-183, y=17, z=337}
[21Feb2026 16:49:52.639] [Server thread/INFO] [net.minecraft.server.MinecraftServer/]: Henrique has made the advancement [War Pigs]
[21Feb2026 16:49:58.336] [Server thread/INFO] [net.minecraft.server.MinecraftServer/]: [Not Secure] <Brayah_> vai almuça logo
[21Feb2026 16:50:00.983] [Server thread/WARN] [net.minecraft.server.level.ServerPlayerGameMode/]: Mismatch in destroy block pos: BlockPos{x=-181, y=14, z=335} BlockPos{x=-181, y=11, z=336}
[21Feb2026 16:50:23.266] [Server thread/INFO] [net.minecraft.server.MinecraftServer/]: [Not Secure] <Brayah_> vai almuça logo
[21Feb2026 16:50:23.797] [Server thread/INFO] [net.minecraft.server.MinecraftServer/]: [Not Secure] <Brayah_> vai almuça logo
[21Feb2026 16:50:24.233] [Server thread/INFO] [net.minecraft.server.MinecraftServer/]: [Not Secure] <Brayah_> vai almuça logo
[21Feb2026 16:50:52.035] [Server thread/WARN] [net.minecraft.server.level.ServerPlayerGameMode/]: Mismatch in destroy block pos: BlockPos{x=-169, y=6, z=334} BlockPos{x=-169, y=7, z=338}
[21Feb2026 16:50:59.805] [Server thread/INFO] [net.minecraft.server.MinecraftServer/]: [Not Secure] <Brayah_> vai almuça logo
[21Feb2026 16:51:00.391] [Server thread/INFO] [net.minecraft.server.MinecraftServer/]: [Not Secure] <Brayah_> vai almuça logo
[21Feb2026 16:51:00.636] [Server thread/INFO] [net.minecraft.server.MinecraftServer/]: [Not Secure] <Brayah_> vai almuça logo
[21Feb2026 16:51:02.093] [Server thread/WARN] [net.minecraft.server.level.ServerPlayerGameMode/]: Mismatch in destroy block pos: BlockPos{x=-169, y=7, z=339} BlockPos{x=-170, y=7, z=338}
[21Feb2026 16:51:02.156] [Server thread/WARN] [net.minecraft.server.level.ServerPlayerGameMode/]: Mismatch in destroy block pos: BlockPos{x=-171, y=7, z=338} BlockPos{x=-170, y=7, z=338}
[21Feb2026 16:51:11.983] [Server thread/WARN] [net.minecraft.server.level.ServerPlayerGameMode/]: Mismatch in destroy block pos: BlockPos{x=-172, y=7, z=338} BlockPos{x=-178, y=6, z=350}
[21Feb2026 16:51:12.034] [Server thread/WARN] [net.minecraft.server.level.ServerPlayerGameMode/]: Mismatch in destroy block pos: BlockPos{x=-178, y=6, z=351} BlockPos{x=-178, y=6, z=350}
[21Feb2026 16:51:12.767] [Server thread/WARN] [net.minecraft.server.level.ServerPlayerGameMode/]: Mismatch in destroy block pos: BlockPos{x=-178, y=7, z=350} BlockPos{x=-178, y=7, z=351}
[21Feb2026 16:51:29.910] [Server thread/WARN] [net.minecraft.server.level.ServerPlayerGameMode/]: Mismatch in destroy block pos: BlockPos{x=-178, y=7, z=373} BlockPos{x=-178, y=6, z=375}
[21Feb2026 16:51:34.445] [Server thread/WARN] [net.minecraft.server.level.ServerPlayerGameMode/]: Mismatch in destroy block pos: BlockPos{x=-178, y=6, z=382} BlockPos{x=-178, y=6, z=391}
[21Feb2026 16:51:39.486] [Server thread/WARN] [net.minecraft.server.level.ServerPlayerGameMode/]: Mismatch in destroy block pos: BlockPos{x=-178, y=6, z=393} BlockPos{x=-178, y=7, z=393}
[21Feb2026 16:51:53.755] [Server thread/INFO] [net.minecraft.server.MinecraftServer/]: [Not Secure] <Henrique> ja almucei
[21Feb2026 16:51:55.850] [Server thread/WARN] [net.minecraft.server.level.ServerPlayerGameMode/]: Mismatch in destroy block pos: BlockPos{x=-177, y=6, z=430} BlockPos{x=-173, y=6, z=430}
[21Feb2026 16:51:55.851] [Server thread/WARN] [net.minecraft.server.level.ServerPlayerGameMode/]: Mismatch in destroy block pos: BlockPos{x=-172, y=6, z=430} BlockPos{x=-173, y=6, z=430}
[21Feb2026 16:52:08.835] [Server thread/INFO] [net.minecraft.server.MinecraftServer/]: [Not Secure] <Brayah_> e nem sai do mine pra almuçar
[21Feb2026 16:52:14.536] [Server thread/INFO] [net.minecraft.server.MinecraftServer/]: [Not Secure] <Brayah_> que coisa feia
[21Feb2026 16:52:16.840] [Server thread/INFO] [net.minecraft.server.MinecraftServer/]: [Not Secure] <Henrique> consegui uma barra de netherite uma melhoria tmbm e várias coisas de dima
[21Feb2026 16:52:23.210] [Server thread/INFO] [net.minecraft.server.MinecraftServer/]: [Not Secure] <Henrique> eu saí sim
[21Feb2026 16:52:26.334] [Server thread/INFO] [net.minecraft.server.MinecraftServer/]: [Not Secure] <Brayah_> boa
[21Feb2026 16:52:37.910] [Server thread/INFO] [net.minecraft.server.MinecraftServer/]: [Not Secure] <Brayah_> saiu não
[21Feb2026 16:52:47.216] [Server thread/INFO] [net.minecraft.server.MinecraftServer/]: [Not Secure] <Brayah_> a todo momento eu te vi ai
[21Feb2026 16:53:00.187] [Server thread/WARN] [net.minecraft.server.level.ServerPlayerGameMode/]: Mismatch in destroy block pos: BlockPos{x=-178, y=6, z=433} BlockPos{x=-178, y=7, z=465}
[21Feb2026 16:53:00.260] [Server thread/WARN] [net.minecraft.server.level.ServerPlayerGameMode/]: Mismatch in destroy block pos: BlockPos{x=-178, y=7, z=464} BlockPos{x=-178, y=7, z=465}
[21Feb2026 16:53:00.336] [Server thread/WARN] [net.minecraft.server.level.ServerPlayerGameMode/]: Mismatch in destroy block pos: BlockPos{x=-178, y=7, z=463} BlockPos{x=-178, y=7, z=465}
[21Feb2026 16:53:05.867] [Server thread/WARN] [net.minecraft.server.level.ServerPlayerGameMode/]: Mismatch in destroy block pos: BlockPos{x=-178, y=7, z=470} BlockPos{x=-178, y=6, z=464}
[21Feb2026 16:53:05.952] [Server thread/WARN] [net.minecraft.server.level.ServerPlayerGameMode/]: Mismatch in destroy block pos: BlockPos{x=-178, y=6, z=463} BlockPos{x=-178, y=6, z=464}
[21Feb2026 16:53:25.836] [Server thread/INFO] [net.minecraft.server.MinecraftServer/]: [Not Secure] <Henrique> era meu fantasma
[21Feb2026 16:54:02.834] [Server thread/INFO] [net.minecraft.server.MinecraftServer/]: [Not Secure] <Brayah_> vou precisar de outro picareta, o negócio é tão longe que já foi uma inteira
[21Feb2026 16:54:16.207] [Server thread/INFO] [net.minecraft.server.MinecraftServer/]: [Not Secure] <Henrique> nossa kkkkk
[21Feb2026 16:55:02.035] [Server thread/INFO] [net.minecraft.server.MinecraftServer/]: [Not Secure] <Brayah_> slk, o bagulho virou um hiper tubo por causa dos patins
[21Feb2026 16:55:17.303] [Server thread/INFO] [net.minecraft.server.MinecraftServer/]: [Not Secure] <Henrique> kkkkkkk
[21Feb2026 16:55:45.693] [Server thread/INFO] [net.minecraft.server.MinecraftServer/]: [Not Secure] <Henrique> tem brutes aqui :(
[21Feb2026 16:56:01.767] [Server thread/INFO] [net.minecraft.server.MinecraftServer/]: [Not Secure] <Brayah_> eu não vou voltar mais ai não, eles me mataru
[21Feb2026 16:57:17.638] [Server thread/INFO] [net.minecraft.server.MinecraftServer/]: [Not Secure] <Henrique> travando pa cacete
[21Feb2026 16:57:41.470] [Server thread/INFO] [net.minecraft.server.MinecraftServer/]: [Not Secure] <Brayah_> nossa, os menus das reliquias tão tudo bugado
[21Feb2026 16:58:40.221] [Server thread/INFO] [net.minecraft.server.MinecraftServer/]: [Not Secure] <Brayah_> fecha o discord que para de travar
[21Feb2026 16:58:54.268] [Server thread/INFO] [net.minecraft.server.MinecraftServer/]: [Not Secure] <Brayah_> e volta pro windows 10, o 11 não compensa
[21Feb2026 17:02:37.740] [Server thread/INFO] [net.minecraft.server.MinecraftServer/]: Henrique has made the advancement [Who is Cutting Onions?]
[21Feb2026 17:05:05.938] [Server thread/INFO] [net.minecraft.server.MinecraftServer/]: [Not Secure] <Brayah_> nem chama :(
[21Feb2026 17:06:42.041] [Server thread/INFO] [net.minecraft.server.MinecraftServer/]: [Not Secure] <Brayah_> vc não gosta do chat?
[21Feb2026 17:06:51.345] [Server thread/INFO] [net.minecraft.server.MinecraftServer/]: [Not Secure] <Henrique> pq ?
[21Feb2026 17:07:08.039] [Server thread/INFO] [net.minecraft.server.MinecraftServer/]: [Not Secure] <Brayah_> pq vc nunca ler/responder
[21Feb2026 17:08:04.909] [Server thread/INFO] [net.minecraft.server.MinecraftServer/]: [Not Secure] <Brayah_> tira a espada da mão
[21Feb2026 17:08:11.408] [Server thread/INFO] [net.minecraft.server.MinecraftServer/]: [Not Secure] <Henrique> responder oq
[21Feb2026 17:08:11.882] [Server thread/INFO] [net.minecraft.server.MinecraftServer/]: [Not Secure] <Brayah_> eles vão ficar com medo
[21Feb2026 17:08:21.781] [Server thread/INFO] [net.minecraft.server.MinecraftServer/]: [Not Secure] <Brayah_> tudo
[21Feb2026 17:08:32.861] [Server thread/INFO] [net.minecraft.server.MinecraftServer/]: [Not Secure] <Henrique> deixa eu pegar um pouco
[21Feb2026 17:08:42.997] [Server thread/INFO] [net.minecraft.server.MinecraftServer/]: [Not Secure] <Brayah_> é só ficar parado ai
[21Feb2026 17:08:49.182] [Server thread/INFO] [net.minecraft.server.MinecraftServer/]: [Not Secure] <Brayah_> eles se matam sozinhos
[21Feb2026 17:09:17.399] [Server thread/INFO] [net.minecraft.server.MinecraftServer/]: [Not Secure] <Brayah_> eu to só com 12, preciso de vários pra encantarr a picareta nova
[21Feb2026 17:09:23.772] [Server thread/INFO] [net.minecraft.server.MinecraftServer/]: [Not Secure] <Brayah_> c quer encantar ela pra eu
[21Feb2026 17:09:30.513] [Server thread/INFO] [net.minecraft.server.MinecraftServer/]: [Not Secure] <Henrique> eu to com 3 kkkkk
[21Feb2026 17:09:39.933] [Server thread/INFO] [net.minecraft.server.MinecraftServer/]: [Not Secure] <Brayah_> oh mds
[21Feb2026 17:09:41.031] [Server thread/INFO] [net.minecraft.server.MinecraftServer/]: [Not Secure] <Henrique> da pra encantar com o ars nouveal
[21Feb2026 17:09:44.895] [Server thread/INFO] [net.minecraft.server.MinecraftServer/]: [Not Secure] <Brayah_> fica com 10 pelo menos
[21Feb2026 17:09:50.546] [Server thread/INFO] [net.minecraft.server.MinecraftServer/]: [Not Secure] <Brayah_> mas é mt caro
[21Feb2026 17:09:58.589] [Server thread/INFO] [net.minecraft.server.MinecraftServer/]: [Not Secure] <Henrique> mas vale a pena
[21Feb2026 17:10:26.209] [Server thread/INFO] [net.minecraft.server.MinecraftServer/]: [Not Secure] <Brayah_> vale não, eu preciso só de efficiency 4, com 20 de xp acho q já pega
[21Feb2026 17:10:39.690] [Server thread/INFO] [net.minecraft.server.MinecraftServer/]: [Not Secure] <Brayah_> no ars é um trampo chato demais
[21Feb2026 17:10:43.505] [Server thread/INFO] [net.minecraft.server.MinecraftServer/]: [Not Secure] <Henrique> aaa eu vou achar uma vila pra isso
[21Feb2026 17:11:21.418] [Server thread/INFO] [net.minecraft.server.MinecraftServer/]: [Not Secure] <Brayah_> pra que?
[21Feb2026 17:11:53.943] [Server thread/INFO] [net.minecraft.server.MinecraftServer/]: [Not Secure] <Brayah_> eu olhei o ars, não ta tão dificil assim, a parte dificil é que gasta muita mana
[21Feb2026 17:12:03.985] [Server thread/INFO] [net.minecraft.server.MinecraftServer/]: [Not Secure] <Brayah_> achei que era mais
[21Feb2026 17:12:12.589] [Server thread/INFO] [net.minecraft.server.MinecraftServer/]: [Not Secure] <Henrique> n é tanta nn
[21Feb2026 17:13:35.299] [Server thread/INFO] [net.minecraft.server.MinecraftServer/]: [Not Secure] <Henrique> qual é melhor
[21Feb2026 17:13:44.139] [Server thread/INFO] [net.minecraft.server.MinecraftServer/]: [Not Secure] <Henrique> espinhos ou full netherite
[21Feb2026 17:14:04.085] [Server thread/INFO] [net.minecraft.server.MinecraftServer/]: [Not Secure] <Brayah_> o que vc quiser
[21Feb2026 17:15:10.055] [Server thread/INFO] [net.minecraft.server.MinecraftServer/]: [Not Secure] <Brayah_> flagrei você roubando minhas coisas >:(
[21Feb2026 17:15:26.290] [Server thread/INFO] [net.minecraft.server.MinecraftServer/]: [Not Secure] <Henrique> eu tava fazendo isso
[21Feb2026 17:15:27.119] [Server thread/INFO] [net.minecraft.server.MinecraftServer/]: [Not Secure] <Brayah_> coisa de pobre, vai fazer um sistema de itens pra você deixar de ser pobre
[21Feb2026 17:15:42.905] [Server thread/INFO] [net.minecraft.server.MinecraftServer/]: [Not Secure] <Brayah_> que coisa de pobre
[21Feb2026 17:15:45.863] [Server thread/INFO] [net.minecraft.server.MinecraftServer/]: [Not Secure] <Brayah_> muito pobre
[21Feb2026 17:16:02.152] [Server thread/INFO] [net.minecraft.server.MinecraftServer/]: [Not Secure] <Henrique> em varias coisas q da pra fazer com netherite
[21Feb2026 17:16:22.302] [Server thread/INFO] [net.minecraft.server.MinecraftServer/]: [Not Secure] <Brayah_> mas isso dai é coisa de pobre
[21Feb2026 17:16:39.353] [Server thread/INFO] [net.minecraft.server.MinecraftServer/]: [Not Secure] <Henrique> oq o espinho faz ?
[21Feb2026 17:16:44.299] [Server thread/INFO] [net.minecraft.server.MinecraftServer/]: [Not Secure] <Brayah_> olha os craft dos building gadgets pra ver se vc acha que ficou dificil
[21Feb2026 17:17:00.139] [Server thread/INFO] [net.minecraft.server.MinecraftServer/]: [Not Secure] <Brayah_> quando a pessoa bate em vc ela toma dano de volta
[21Feb2026 17:17:05.563] [Server thread/INFO] [net.minecraft.server.MinecraftServer/]: [Not Secure] <Brayah_> olha os craft dos building gadgets pra ver se vc acha que ficou dificil
[21Feb2026 17:17:09.569] [Server thread/INFO] [net.minecraft.server.MinecraftServer/]: [Not Secure] <Henrique> q bosta
[21Feb2026 17:17:37.607] [Server thread/INFO] [net.minecraft.server.MinecraftServer/]: [Not Secure] <Brayah_> uai, vc usava o espinhos no outro server e não sabia oq fazia?
[21Feb2026 17:17:55.051] [Server thread/INFO] [net.minecraft.server.MinecraftServer/]: [Not Secure] <Henrique> olha
[21Feb2026 17:18:27.168] [Server thread/INFO] [net.minecraft.server.MinecraftServer/]: [Not Secure] <Brayah_> vc tacou 2 coisa no fogo
[21Feb2026 17:18:29.342] [Server thread/INFO] [net.minecraft.server.MinecraftServer/]: [Not Secure] <Brayah_> oq era?
[21Feb2026 17:18:37.914] [Server thread/INFO] [net.minecraft.server.MinecraftServer/]: [Not Secure] <Henrique> Faca de dima
[21Feb2026 17:18:48.599] [Server thread/INFO] [net.minecraft.server.MinecraftServer/]: [Not Secure] <Brayah_> mas e o outro
[21Feb2026 17:18:54.214] [Server thread/INFO] [net.minecraft.server.MinecraftServer/]: [Not Secure] <Brayah_> todo dourado bonto
[21Feb2026 17:19:00.070] [Server thread/INFO] [net.minecraft.server.MinecraftServer/]: [Not Secure] <Brayah_> olha os craft dos building gadgets pra ver se vc acha que ficou dificil
[21Feb2026 17:19:00.666] [Server thread/INFO] [net.minecraft.server.MinecraftServer/]: [Not Secure] <Brayah_> olha os craft dos building gadgets pra ver se vc acha que ficou dificil
[21Feb2026 17:19:01.268] [Server thread/INFO] [net.minecraft.server.MinecraftServer/]: [Not Secure] <Brayah_> olha os craft dos building gadgets pra ver se vc acha que ficou dificil
[21Feb2026 17:19:01.770] [Server thread/INFO] [net.minecraft.server.MinecraftServer/]: [Not Secure] <Brayah_> olha os craft dos building gadgets pra ver se vc acha que ficou dificil
[21Feb2026 17:19:02.351] [Server thread/INFO] [net.minecraft.server.MinecraftServer/]: [Not Secure] <Brayah_> olha os craft dos building gadgets pra ver se vc acha que ficou dificil
[21Feb2026 17:19:02.813] [Server thread/INFO] [net.minecraft.server.MinecraftServer/]: [Not Secure] <Brayah_> olha os craft dos building gadgets pra ver se vc acha que ficou dificil
[21Feb2026 17:19:02.836] [Server thread/INFO] [net.minecraft.server.MinecraftServer/]: [Not Secure] <Henrique> acho q era flechas espectrais
[21Feb2026 17:19:03.287] [Server thread/INFO] [net.minecraft.server.MinecraftServer/]: [Not Secure] <Brayah_> olha os craft dos building gadgets pra ver se vc acha que ficou dificil
[21Feb2026 17:19:03.781] [Server thread/INFO] [net.minecraft.server.MinecraftServer/]: [Not Secure] <Brayah_> olha os craft dos building gadgets pra ver se vc acha que ficou dificil
[21Feb2026 17:19:04.185] [Server thread/INFO] [net.minecraft.server.MinecraftServer/]: [Not Secure] <Brayah_> olha os craft dos building gadgets pra ver se vc acha que ficou dificil
[21Feb2026 17:19:04.552] [Server thread/INFO] [net.minecraft.server.MinecraftServer/]: [Not Secure] <Brayah_> olha os craft dos building gadgets pra ver se vc acha que ficou dificil
[21Feb2026 17:19:12.708] [Server thread/INFO] [net.minecraft.server.MinecraftServer/]: [Not Secure] <Brayah_> ata, só isso ta dboa
[21Feb2026 17:20:39.417] [Server thread/INFO] [net.minecraft.server.MinecraftServer/]: [Not Secure] <Henrique> fiz bosta
[21Feb2026 17:20:59.116] [Server thread/INFO] [net.minecraft.server.MinecraftServer/]: [Not Secure] <Brayah_> a não, dnv japonês
[21Feb2026 17:21:15.922] [Server thread/INFO] [net.minecraft.server.MinecraftServer/]: [Not Secure] <Henrique> fiz melhoria de netherite do peitoral
[21Feb2026 17:21:25.203] [Server thread/INFO] [net.minecraft.server.MinecraftServer/]: [Not Secure] <Brayah_> e responda minha pergunta que eu fiz muitas vezes
[21Feb2026 17:21:33.690] [Server thread/INFO] [net.minecraft.server.MinecraftServer/]: [Not Secure] <Brayah_> ficou dificil?
[21Feb2026 17:21:39.819] [Server thread/INFO] [net.minecraft.server.MinecraftServer/]: [Not Secure] <Henrique> mas o meu peitoral atual ja tem proteção 3
[21Feb2026 17:22:42.383] [Server thread/INFO] [net.minecraft.server.MinecraftServer/]: [Not Secure] <Henrique> meu DEUS
[21Feb2026 17:22:59.421] [Server thread/INFO] [net.minecraft.server.MinecraftServer/]: [Not Secure] <Henrique> QUARTZO ENERGIZADO ?!
[21Feb2026 17:23:58.056] [Server thread/INFO] [net.minecraft.server.MinecraftServer/]: [Not Secure] <Brayah_> tá fácil
[21Feb2026 17:24:11.584] [Server thread/INFO] [net.minecraft.server.MinecraftServer/]: [Not Secure] <Brayah_> POBRE!
[21Feb2026 17:26:05.966] [Server thread/WARN] [net.minecraft.server.level.ServerPlayerGameMode/]: Mismatch in destroy block pos: BlockPos{x=-1328, y=87, z=-224} BlockPos{x=-1350, y=79, z=-195}
[21Feb2026 17:26:06.016] [Server thread/WARN] [net.minecraft.server.level.ServerPlayerGameMode/]: Mismatch in destroy block pos: BlockPos{x=-1350, y=79, z=-196} BlockPos{x=-1350, y=79, z=-195}
[21Feb2026 17:26:06.081] [Server thread/WARN] [net.minecraft.server.level.ServerPlayerGameMode/]: Mismatch in destroy block pos: BlockPos{x=-1349, y=79, z=-196} BlockPos{x=-1350, y=79, z=-195}
[21Feb2026 17:26:14.811] [Server thread/WARN] [net.minecraft.server.level.ServerPlayerGameMode/]: Mismatch in destroy block pos: BlockPos{x=-1348, y=80, z=-198} BlockPos{x=-1348, y=81, z=-197}
[21Feb2026 17:26:15.361] [Server thread/INFO] [net.minecraft.server.MinecraftServer/]: [Not Secure] <Henrique> temos q fazer uma farm de xp melhor
[21Feb2026 17:26:31.845] [Server thread/INFO] [net.minecraft.server.MinecraftServer/]: [Not Secure] <Brayah_> dps, quero terminar minha casa
[21Feb2026 17:26:41.283] [Server thread/INFO] [net.minecraft.server.MinecraftServer/]: [Not Secure] <Brayah_> e a nether city
[21Feb2026 17:26:46.662] [Server thread/INFO] [net.minecraft.server.MinecraftServer/]: [Not Secure] <Henrique> e eu quero fazer a minha
[21Feb2026 17:27:30.601] [Server thread/ERROR] [sophisticatedbackpacks/]: Error getting backpack wrapper - Stack isn't a backpack
[21Feb2026 17:29:36.214] [Server thread/INFO] [net.minecraft.server.MinecraftServer/]: [Not Secure] <Henrique> vou fazer a farm de ouro e quartzo primeiro
[21Feb2026 17:30:18.239] [Server thread/INFO] [net.minecraft.server.MinecraftServer/]: [Not Secure] <Brayah_> oro
[21Feb2026 17:30:56.280] [Server thread/INFO] [net.minecraft.server.MinecraftServer/]: [Not Secure] <Brayah_> vou fingir de português pra roubar todo seu oro
[21Feb2026 17:31:05.952] [Server thread/INFO] [net.minecraft.server.MinecraftServer/]: [Not Secure] <Henrique> :o
[21Feb2026 17:31:10.106] [Server thread/INFO] [net.minecraft.server.MinecraftServer/]: [Not Secure] <Brayah_> só pra fazer minhas janela
[21Feb2026 17:37:33.769] [Server thread/INFO] [net.minecraft.server.MinecraftServer/]: [Not Secure] <Henrique> quem q é o pobre agr
[21Feb2026 17:37:46.794] [Server thread/INFO] [net.minecraft.server.MinecraftServer/]: [Not Secure] <Brayah_> você
[21Feb2026 17:37:59.518] [Server thread/INFO] [net.minecraft.server.MinecraftServer/]: [Not Secure] <Henrique> :(
[21Feb2026 17:38:10.262] [Server thread/INFO] [net.minecraft.server.MinecraftServer/]: [Not Secure] <Brayah_> não chore ç-ç
[21Feb2026 17:38:18.942] [Server thread/INFO] [net.minecraft.server.MinecraftServer/]: [Not Secure] <Brayah_> se não mim chora ç-ç
[21Feb2026 17:38:30.002] [Server thread/INFO] [net.minecraft.server.MinecraftServer/]: [Not Secure] <Henrique> nao vou
[21Feb2026 17:40:19.768] [Server thread/INFO] [net.minecraft.server.MinecraftServer/]: [Not Secure] <Brayah_> compensa eu gastar uma duas picareta de diamante só pra encantar uma picareta de dima
[21Feb2026 17:40:28.768] [Server thread/INFO] [net.minecraft.server.MinecraftServer/]: [Not Secure] <Henrique> compensa
[21Feb2026 17:40:34.542] [Server thread/INFO] [net.minecraft.server.MinecraftServer/]: [Not Secure] <Henrique> toma uma aqui
[21Feb2026 17:41:03.320] [Server thread/INFO] [net.minecraft.server.MinecraftServer/]: [Not Secure] <Brayah_> vamo trocar, vc me dar a desgastada e eu te dou uma nova
[21Feb2026 17:41:20.946] [Server thread/INFO] [net.minecraft.server.MinecraftServer/]: [Not Secure] <Henrique> pdp
[21Feb2026 17:41:45.866] [Server thread/INFO] [net.minecraft.server.MinecraftServer/]: [Not Secure] <Henrique> vlw
[21Feb2026 17:41:54.905] [Server thread/INFO] [net.minecraft.server.MinecraftServer/]: [Not Secure] <Brayah_> tem mais desgastadasa?
[21Feb2026 17:42:03.096] [Server thread/INFO] [net.minecraft.server.MinecraftServer/]: [Not Secure] <Henrique> nn
[21Feb2026 17:42:19.221] [Server thread/INFO] [net.minecraft.server.MinecraftServer/]: [Not Secure] <Henrique> meu forno a ar quete n ta funcionando
[21Feb2026 17:42:34.931] [Server thread/INFO] [net.minecraft.server.MinecraftServer/]: [Not Secure] <Brayah_> claro que funciona
[21Feb2026 17:42:45.901] [Server thread/INFO] [net.minecraft.server.MinecraftServer/]: [Not Secure] <Brayah_> demonstre uma não funcionação dele
[21Feb2026 17:43:23.802] [Server thread/INFO] [net.minecraft.server.MinecraftServer/]: [Not Secure] <Henrique> para de puxr
[21Feb2026 17:43:29.307] [Server thread/INFO] [net.minecraft.server.MinecraftServer/]: [Not Secure] <Brayah_> mas ai c ta sendo burrinho
[21Feb2026 17:43:34.584] [Server thread/INFO] [net.minecraft.server.MinecraftServer/]: [Not Secure] <Brayah_> isso é na lava
[21Feb2026 17:43:39.691] [Server thread/INFO] [net.minecraft.server.MinecraftServer/]: [Not Secure] <Brayah_> que nem ta ali do lado
[21Feb2026 17:43:54.443] [Server thread/INFO] [net.minecraft.server.MinecraftServer/]: [Not Secure] <Henrique> ué
[21Feb2026 17:44:09.209] [Server thread/INFO] [net.minecraft.server.MinecraftServer/]: [Not Secure] <Brayah_> lava é diferente de fogo
[21Feb2026 17:44:09.279] [Server thread/INFO] [net.minecraft.server.MinecraftServer/]: [Not Secure] <Henrique> ent eu coloco como
[21Feb2026 17:44:17.439] [Server thread/INFO] [net.minecraft.server.MinecraftServer/]: [Not Secure] <Brayah_> troca o fogo por lava
[21Feb2026 17:44:39.210] [Server thread/INFO] [net.minecraft.server.MinecraftServer/]: [Not Secure] <Henrique> vou fazer baldes
[21Feb2026 17:44:48.592] [Server thread/INFO] [net.minecraft.server.MinecraftServer/]: [Not Secure] <Brayah_> é pra que tantos? não vai aumentar a velocidade com maises
[21Feb2026 17:44:58.949] [Server thread/INFO] [net.minecraft.server.MinecraftServer/]: [Not Secure] <Brayah_> faz não, já tem 10 ali
[21Feb2026 17:45:15.687] [Server thread/INFO] [net.minecraft.server.MinecraftServer/]: [Not Secure] <Henrique> ata
[21Feb2026 17:45:32.516] [Server thread/WARN] [net.minecraft.server.level.ServerPlayerGameMode/]: Mismatch in destroy block pos: BlockPos{x=-1338, y=88, z=-210} BlockPos{x=-1338, y=87, z=-210}
[21Feb2026 17:53:40.362] [Server thread/INFO] [net.minecraft.server.MinecraftServer/]: [Not Secure] <Henrique> ta tudo bem ?
[21Feb2026 17:55:31.085] [Server thread/INFO] [net.minecraft.server.MinecraftServer/]: [Not Secure] <Brayah_> oh yeah
[21Feb2026 17:59:11.593] [Server thread/INFO] [net.minecraft.server.MinecraftServer/]: [Not Secure] <Brayah_> ei, eu tenho uma duvida
[21Feb2026 17:59:35.186] [Server thread/INFO] [net.minecraft.server.MinecraftServer/]: [Not Secure] <Brayah_> como eu tenho o half life 1 e 2 na steam sendo que eles custam 20 e 32 reais
[21Feb2026 17:59:39.540] [Server thread/INFO] [net.minecraft.server.MinecraftServer/]: [Not Secure] <Brayah_> mas eu não comprei
[21Feb2026 17:59:49.935] [Server thread/INFO] [net.minecraft.server.MinecraftServer/]: [Not Secure] <Henrique> oshi kkkkkk veio de brinde
[21Feb2026 18:00:18.602] [Server thread/INFO] [net.minecraft.server.MinecraftServer/]: [Not Secure] <Brayah_> foi e lon musks que me deu
[21Feb2026 18:00:41.458] [Server thread/INFO] [net.minecraft.server.MinecraftServer/]: [Not Secure] <Henrique> :O
[21Feb2026 18:01:58.719] [Server thread/INFO] [net.minecraft.server.MinecraftServer/]: [Not Secure] <Henrique> finalmente terminei
[21Feb2026 18:02:21.737] [Server thread/INFO] [net.minecraft.server.MinecraftServer/]: [Not Secure] <Brayah_> oq? o planamento?
[21Feb2026 18:02:48.936] [Server thread/INFO] [net.minecraft.server.MinecraftServer/]: [Not Secure] <Henrique> isso
[21Feb2026 18:02:56.738] [Server thread/INFO] [net.minecraft.server.MinecraftServer/]: [Not Secure] <Brayah_> boa, já to indo ai ver
[21Feb2026 18:03:14.561] [Server thread/INFO] [net.minecraft.server.MinecraftServer/]: [Not Secure] <Henrique> eu dei uma naturalizada no ambiente
[21Feb2026 18:03:43.949] [Server thread/INFO] [net.minecraft.server.MinecraftServer/]: [Not Secure] <Henrique> agora vou atras de lava pra fazer os tijolos
[21Feb2026 18:04:18.769] [Server thread/INFO] [net.minecraft.server.MinecraftServer/]: [Not Secure] <Brayah_> eu quebrei o laurêncio o srtudo D=
[21Feb2026 18:05:00.833] [Server thread/INFO] [net.minecraft.server.MinecraftServer/]: [Not Secure] <Henrique> q
[21Feb2026 18:05:04.604] [Server thread/INFO] [net.minecraft.server.MinecraftServer/]: [Not Secure] <Henrique> como assim
[21Feb2026 18:05:18.310] [Server thread/INFO] [net.minecraft.server.MinecraftServer/]: [Not Secure] <Brayah_> era minha picareta de fortuna 3, o laurêncio o sortudo
[21Feb2026 18:05:28.687] [Server thread/INFO] [net.minecraft.server.MinecraftServer/]: [Not Secure] <Henrique> kkkkkk
[21Feb2026 18:05:32.096] [Server thread/INFO] [net.minecraft.server.MinecraftServer/]: [Not Secure] <Henrique> triste
[21Feb2026 18:06:27.515] [Server thread/INFO] [net.minecraft.server.MinecraftServer/]: [Not Secure] <Brayah_> finalmente terminei de encantar o picareto novo, agr n quero mais cavar reto procurar nether city
[21Feb2026 18:06:42.138] [Server thread/INFO] [net.minecraft.server.MinecraftServer/]: [Not Secure] <Henrique> kkkkkk
[21Feb2026 18:12:19.600] [Server thread/INFO] [net.minecraft.server.MinecraftServer/]: Brayah_ has reached the goal [The First Press]
[21Feb2026 18:13:45.933] [Server thread/INFO] [net.minecraft.server.MinecraftServer/]: Henrique was incinerated by an Encased Fan
[21Feb2026 18:13:55.033] [Server thread/INFO] [net.minecraft.server.MinecraftServer/]: [Not Secure] <Brayah_> D=
[21Feb2026 18:14:01.269] [Server thread/INFO] [net.minecraft.server.MinecraftServer/]: [Not Secure] <Brayah_> kkkkkk
[21Feb2026 18:14:16.897] [Server thread/INFO] [net.minecraft.server.MinecraftServer/]: [Not Secure] <Henrique> é pirigoso
[21Feb2026 18:14:17.544] [Server thread/INFO] [net.minecraft.server.MinecraftServer/]: Brayah_ has made the advancement [Purely Apple]
[21Feb2026 18:14:20.384] [Server thread/INFO] [net.minecraft.server.MinecraftServer/]: Brayah_ has made the advancement [The Magic of the Barrel]
[21Feb2026 18:15:35.661] [Server thread/INFO] [net.minecraft.server.MinecraftServer/]: [Not Secure] <Brayah_> oh mds, 5 minutos pra fazer 1 vinho, e dps ainda tem que deixar ele envelhecer
[21Feb2026 18:15:47.588] [Server thread/INFO] [net.minecraft.server.MinecraftServer/]: [Not Secure] <Henrique> nossa triste
[21Feb2026 18:15:56.207] [Server thread/INFO] [net.minecraft.server.MinecraftServer/]: [Not Secure] <Brayah_> *cidra não vinho
[21Feb2026 18:16:35.067] [Server thread/INFO] [net.minecraft.server.MinecraftServer/]: [Not Secure] <Henrique> vou fazer esteiras
[21Feb2026 18:17:32.816] [Server thread/INFO] [net.minecraft.server.MinecraftServer/]: [Not Secure] <Brayah_> eu coloquei as coisa do ars no canto secreto por enquanto, quando arrumar minha base eu coloco no lugar normal
[21Feb2026 18:17:52.396] [Server thread/INFO] [net.minecraft.server.MinecraftServer/]: [Not Secure] <Henrique> que canto secreto
[21Feb2026 18:17:55.640] [Server thread/INFO] [net.minecraft.server.MinecraftServer/]: [Not Secure] <Brayah_> pq tantos?
[21Feb2026 18:19:46.669] [Server thread/WARN] [net.minecraft.server.network.ServerGamePacketListenerImpl/]: Brayah_ moved wrongly!
[21Feb2026 18:20:19.411] [Server thread/INFO] [net.minecraft.server.MinecraftServer/]: [Not Secure] <Brayah_> a textura da placa ta diferente
[21Feb2026 18:20:27.186] [Server thread/INFO] [net.minecraft.server.MinecraftServer/]: [Not Secure] <Henrique> vdd
[21Feb2026 18:20:30.414] [Server thread/INFO] [net.minecraft.server.MinecraftServer/]: [Not Secure] <Henrique> daora
[21Feb2026 18:20:49.202] [Server thread/INFO] [net.minecraft.server.MinecraftServer/]: [Not Secure] <Brayah_> olha oq descobri
[21Feb2026 18:21:03.315] [Server thread/INFO] [net.minecraft.server.MinecraftServer/]: [Not Secure] <Henrique> :O :O :O
[21Feb2026 18:34:11.583] [Server thread/INFO] [net.minecraft.server.MinecraftServer/]: [Not Secure] <Brayah_> voltei
[21Feb2026 18:34:25.432] [Server thread/INFO] [net.minecraft.server.MinecraftServer/]: [Not Secure] <Brayah_> acabou tudo?
[21Feb2026 18:34:32.415] [Server thread/INFO] [net.minecraft.server.MinecraftServer/]: [Not Secure] <Henrique> nn
[21Feb2026 18:34:43.102] [Server thread/INFO] [net.minecraft.server.MinecraftServer/]: [Not Secure] <Brayah_> tem que usar gearbox
[21Feb2026 18:34:52.290] [Server thread/INFO] [net.minecraft.server.MinecraftServer/]: [Not Secure] <Henrique> q
[21Feb2026 18:35:05.918] [Server thread/INFO] [net.minecraft.server.MinecraftServer/]: [Not Secure] <Brayah_> tira essas chandrive e coloca gearbox
[21Feb2026 18:35:17.706] [Server thread/INFO] [net.minecraft.server.MinecraftServer/]: [Not Secure] <Henrique> fala portugues
[21Feb2026 18:35:44.001] [Server thread/INFO] [net.minecraft.server.MinecraftServer/]: [Not Secure] <Brayah_> eu n sei como é em portugues, se eu for traduzir meu mine var demorar 6 minutos pra recarregar
[21Feb2026 18:36:00.590] [Server thread/INFO] [net.minecraft.server.MinecraftServer/]: [Not Secure] <Brayah_> é só pesquisar ai no jei, ele aparece em inglês mesmo
[21Feb2026 18:36:25.370] [Server thread/INFO] [net.minecraft.server.MinecraftServer/]: [Not Secure] <Brayah_> dps c vai tirar esse monte de engrenagem desnecessárias né?
[21Feb2026 18:36:31.168] [Server thread/INFO] [net.minecraft.server.MinecraftServer/]: [Not Secure] <Henrique> sim
[21Feb2026 18:36:44.756] [Server thread/INFO] [net.minecraft.server.MinecraftServer/]: [Not Secure] <Brayah_> tbaa
[21Feb2026 18:38:48.536] [Server thread/INFO] [net.minecraft.server.MinecraftServer/]: Brayah_ has made the advancement [The Noble Drop]
[21Feb2026 18:40:05.436] [Server thread/INFO] [net.minecraft.server.MinecraftServer/]: [Not Secure] <Brayah_> D= demora 20 dias pra envelhecer 1 nivel do vinho
[21Feb2026 18:40:11.696] [Server thread/INFO] [net.minecraft.server.MinecraftServer/]: [Not Secure] <Brayah_> *sidra
[21Feb2026 18:41:40.843] [Server thread/INFO] [net.minecraft.server.MinecraftServer/]: [Not Secure] <Henrique> voutei
[21Feb2026 18:41:47.363] [Server thread/INFO] [net.minecraft.server.MinecraftServer/]: [Not Secure] <Henrique> meu pai amado
[21Feb2026 18:41:54.962] [Server thread/INFO] [net.minecraft.server.MinecraftServer/]: [Not Secure] <Henrique> pra q vc quer isso
[21Feb2026 18:42:11.258] [Server thread/INFO] [net.minecraft.server.MinecraftServer/]: [Not Secure] <Brayah_> eles dão efeitos
[21Feb2026 18:42:27.582] [Server thread/INFO] [net.minecraft.server.MinecraftServer/]: [Not Secure] <Brayah_> tipo poções, só que com nível maior e duração maior
[21Feb2026 18:42:39.899] [Server thread/INFO] [net.minecraft.server.MinecraftServer/]: [Not Secure] <Brayah_> tipo uns 40 minutos em um frasco
[21Feb2026 18:50:32.000] [Server thread/INFO] [net.minecraft.server.MinecraftServer/]: [Not Secure] <Henrique> foi mal tava ocupado
[21Feb2026 18:50:42.601] [Server thread/INFO] [net.minecraft.server.MinecraftServer/]: [Not Secure] <Henrique> oq ?????
[21Feb2026 18:50:49.334] [Server thread/INFO] [net.minecraft.server.MinecraftServer/]: [Not Secure] <Henrique> 1 FRASCO DE 40 MIN
[21Feb2026 18:50:58.384] [Server thread/INFO] [net.minecraft.server.MinecraftServer/]: [Not Secure] <Brayah_> é
[21Feb2026 18:51:37.909] [Server thread/INFO] [net.minecraft.server.MinecraftServer/]: [Not Secure] <Brayah_> tive uma ideia
[21Feb2026 18:51:53.835] [Server thread/INFO] [net.minecraft.server.MinecraftServer/]: [Not Secure] <Brayah_> e se a seringa tivesse compatibilidade com os vinhos
[21Feb2026 18:52:12.862] [Server thread/INFO] [net.minecraft.server.MinecraftServer/]: [Not Secure] <Brayah_> ai c se injeta com vinhos
[21Feb2026 18:52:34.563] [Server thread/INFO] [net.minecraft.server.MinecraftServer/]: [Not Secure] <Henrique> terminei
[21Feb2026 18:53:09.885] [Server thread/INFO] [net.minecraft.server.MinecraftServer/]: [Not Secure] <Brayah_> aee
[21Feb2026 18:53:34.750] [Server thread/INFO] [net.minecraft.server.MinecraftServer/]: [Not Secure] <Brayah_> oh mds
[21Feb2026 18:53:44.031] [Server thread/INFO] [net.minecraft.server.MinecraftServer/]: Henrique burned to death
[21Feb2026 18:53:44.966] [Server thread/INFO] [net.minecraft.server.MinecraftServer/]: [Not Secure] <Henrique> -
[21Feb2026 18:53:47.129] [Server thread/INFO] [net.minecraft.server.network.ServerGamePacketListenerImpl/]: Henrique lost connection: Disconnected
[21Feb2026 18:53:47.129] [Server thread/INFO] [net.minecraft.server.MinecraftServer/]: Henrique left the game
[21Feb2026 18:53:47.361] [Server thread/INFO] [net.minecraft.server.MinecraftServer/]: [Not Secure] <Brayah_> kkkkkkkk
[21Feb2026 18:54:00.147] [Server thread/INFO] [net.minecraft.server.players.PlayerList/]: Henrique[/127.255.143.180:53179] logged in with entity id 35004 at (-1311.943594898408, 96.0, -295.7642196145867)
[21Feb2026 18:54:00.265] [Server thread/INFO] [net.minecraft.server.MinecraftServer/]: Henrique joined the game
[21Feb2026 18:54:00.282] [Server thread/INFO] [artifacts.Artifacts/]: Sending item configs to client
[21Feb2026 18:54:00.633] [Server thread/INFO] [ShulkerBoxTooltip/]: [ShulkerBoxTooltip] Henrique: protocol version: 2.0
[21Feb2026 18:54:12.038] [Server thread/INFO] [net.minecraft.server.MinecraftServer/]: [Not Secure] <Brayah_> kkkkkkk
[21Feb2026 18:54:16.698] [Server thread/INFO] [net.minecraft.server.MinecraftServer/]: [Not Secure] <Brayah_> ah não viado
[21Feb2026 18:54:17.060] [Server thread/INFO] [net.minecraft.server.MinecraftServer/]: [Not Secure] <Henrique> what
[21Feb2026 18:54:24.609] [Server thread/INFO] [net.minecraft.server.MinecraftServer/]: [Not Secure] <Brayah_> para de fazer isso com as aarvore
[21Feb2026 18:54:29.330] [Server thread/INFO] [net.minecraft.server.MinecraftServer/]: [Not Secure] <Henrique> oq aconteceu
[21Feb2026 18:54:33.279] [Server thread/INFO] [net.minecraft.server.MinecraftServer/]: [Not Secure] <Brayah_> olha essa bosta aqui
[21Feb2026 18:54:36.860] [Server thread/INFO] [net.minecraft.server.MinecraftServer/]: [Not Secure] <Henrique> elas tao com fiu
[21Feb2026 18:54:47.288] [Server thread/INFO] [net.minecraft.server.MinecraftServer/]: [Not Secure] <Brayah_> e tem a outra ali do outro lado
[21Feb2026 18:54:49.682] [Server thread/INFO] [net.minecraft.server.MinecraftServer/]: [Not Secure] <Henrique> friu*
